{"type":"FeatureCollection","_source":"openstreetmap.org, surveyed on foot 2026-08-22","features":[{"type":"Feature","properties":{"kind":"lift","name":"Lift Lobby C","level":"-1","level:ref":"B1"},"geometry":{"type":"Point","coordinates":[103.962302,1.340459]}},{"type":"Feature","properties":{"kind":"lift","name":"Lift Lobby J","level":"-1","level:ref":"B1"},"geometry":{"type":"Point","coordinates":[103.963389,1.340883]}},{"type":"Feature","properties":{"level":"-1","level:ref":"B1","indoor":"room"},"geometry":{"type":"Polygon","coordinates":[[[103.962294,1.340407],[103.962305,1.340407],[103.962312,1.340414],[103.962317,1.340429],[103.962319,1.340451],[103.962319,1.34046],[103.962319,1.340484],[103.962317,1.340506],[103.962312,1.340521],[103.962305,1.340528],[103.962294,1.340528],[103.962287,1.340521],[103.962282,1.340506],[103.96228,1.340484],[103.96228,1.340451],[103.962282,1.340429],[103.962287,1.340414],[103.962294,1.340407]]]}},{"type":"Feature","properties":{"level":"-1","level:ref":"B1","indoor":"room"},"geometry":{"type":"Polygon","coordinates":[[[103.963438,1.340898],[103.96341,1.340914],[103.963389,1.340922],[103.963373,1.340925],[103.963363,1.340922],[103.963356,1.340912],[103.963358,1.340901],[103.963367,1.34089],[103.963385,1.340877],[103.963387,1.340876],[103.963413,1.340861],[103.963433,1.340853],[103.96345,1.34085],[103.96346,1.340854],[103.963467,1.340863],[103.963466,1.340873],[103.963456,1.340885],[103.963438,1.340898]]]}},{"type":"Feature","properties":{"kind":"lift","level":"0","level:ref":"1"},"geometry":{"type":"Point","coordinates":[103.962621,1.340377]}},{"type":"Feature","properties":{"kind":"lift","name":"Lift Lobby C","level":"0","level:ref":"1"},"geometry":{"type":"Point","coordinates":[103.962305,1.340465]}},{"type":"Feature","properties":{"kind":"lift","name":"Lift Lobby E","level":"0","level:ref":"1"},"geometry":{"type":"Point","coordinates":[103.962831,1.340795]}},{"type":"Feature","properties":{"kind":"lift","name":"Lift Lobby F","level":"0","level:ref":"1"},"geometry":{"type":"Point","coordinates":[103.962268,1.340804]}},{"type":"Feature","properties":{"kind":"lift","level":"0","level:ref":"1"},"geometry":{"type":"Point","coordinates":[103.96482,1.341787]}},{"type":"Feature","properties":{"level":"0","level:ref":"1","indoor":"room"},"geometry":{"type":"Polygon","coordinates":[[[103.962609,1.340396],[103.96264,1.34039],[103.962635,1.34036],[103.962624,1.340362],[103.962604,1.340366],[103.962609,1.340396]]]}},{"type":"Feature","properties":{"level":"0","level:ref":"1","indoor":"room"},"geometry":{"type":"Polygon","coordinates":[[[103.962521,1.340436],[103.962541,1.34041],[103.962554,1.340396],[103.962565,1.340391],[103.962571,1.340397],[103.962575,1.340413],[103.962586,1.340423],[103.962607,1.340426],[103.962637,1.340423],[103.96268,1.340414],[103.96271,1.340411],[103.962732,1.340414],[103.962745,1.340423],[103.96275,1.340439],[103.96274,1.340451],[103.962714,1.340463],[103.962672,1.340473],[103.962608,1.340483],[103.962593,1.340484],[103.962563,1.340488],[103.96253,1.340489],[103.962512,1.340487],[103.962505,1.34048],[103.962504,1.34047],[103.96251,1.340455],[103.962521,1.340436]]]}},{"type":"Feature","properties":{"name":"One Stop Centre","level":"0","level:ref":"1","indoor":"room"},"geometry":{"type":"Polygon","coordinates":[[[103.962222,1.340496],[103.962231,1.340448],[103.962235,1.340418],[103.962213,1.340413],[103.962136,1.340399],[103.962121,1.340479],[103.962222,1.340496]]]}},{"type":"Feature","properties":{"level":"0","level:ref":"1","indoor":"corridor"},"geometry":{"type":"Polygon","coordinates":[[[103.962316,1.340449],[103.962317,1.340463],[103.962316,1.340473],[103.962313,1.340489],[103.962307,1.340499],[103.962298,1.340504],[103.962284,1.340504],[103.962276,1.340499],[103.962272,1.340488],[103.962272,1.340471],[103.962277,1.340448],[103.962282,1.340432],[103.962288,1.340421],[103.962295,1.340416],[103.962304,1.340416],[103.96231,1.340421],[103.962314,1.340432],[103.962316,1.340449]]]}},{"type":"Feature","properties":{"name":"DBS Banking ATM","level":"0","level:ref":"1"},"geometry":{"type":"Polygon","coordinates":[[[103.962232,1.3405],[103.96225,1.340497],[103.962262,1.340497],[103.962271,1.340498],[103.962275,1.340502],[103.962275,1.340508],[103.962271,1.340511],[103.962263,1.340512],[103.96225,1.340511],[103.962232,1.340508],[103.962224,1.340505],[103.962224,1.340502],[103.962232,1.3405]]]}},{"type":"Feature","properties":{"name":"Cheers","level":"0","level:ref":"1","indoor":"room"},"geometry":{"type":"Polygon","coordinates":[[[103.96271,1.34079],[103.962669,1.340791],[103.962641,1.340789],[103.962622,1.340782],[103.962613,1.340772],[103.962612,1.340757],[103.96262,1.340747],[103.962639,1.340739],[103.962667,1.340735],[103.962709,1.340733],[103.962722,1.340734],[103.962737,1.340735],[103.962756,1.340742],[103.962765,1.340752],[103.962765,1.340768],[103.962756,1.340779],[103.962737,1.340786],[103.96271,1.34079]]]}},{"type":"Feature","properties":{"level":"0","level:ref":"1","indoor":"room"},"geometry":{"type":"Polygon","coordinates":[[[103.962535,1.340766],[103.962534,1.340756],[103.962539,1.340749],[103.962549,1.340744],[103.962564,1.340742],[103.962586,1.340741],[103.962601,1.340743],[103.962611,1.34075],[103.962616,1.34076],[103.962617,1.340775],[103.962613,1.340785],[103.962603,1.34079],[103.962587,1.34079],[103.962565,1.340785],[103.96255,1.34078],[103.962539,1.340773],[103.962535,1.340766]]]}},{"type":"Feature","properties":{"name":"Gom Gom","level":"0","level:ref":"1","indoor":"room"},"geometry":{"type":"Polygon","coordinates":[[[103.962541,1.340738],[103.962493,1.340746],[103.962453,1.340753],[103.96246,1.340793],[103.962548,1.340779],[103.962541,1.340738]]]}},{"type":"Feature","properties":{"level":"0","level:ref":"1","indoor":"corridor"},"geometry":{"type":"Polygon","coordinates":[[[103.962845,1.340832],[103.962844,1.340784],[103.962842,1.340735],[103.962817,1.340736],[103.96282,1.340833],[103.962845,1.340832]]]}},{"type":"Feature","properties":{"level":"0","level:ref":"1","indoor":"corridor"},"geometry":{"type":"Polygon","coordinates":[[[103.962241,1.340744],[103.962234,1.340841],[103.96228,1.340845],[103.962283,1.340801],[103.962287,1.340747],[103.962241,1.340744]]]}},{"type":"Feature","properties":{"name":"Hafu","level":"0","level:ref":"1","indoor":"room"},"geometry":{"type":"Polygon","coordinates":[[[103.962137,1.340801],[103.962164,1.340771],[103.962184,1.340751],[103.962201,1.340738],[103.962213,1.340732],[103.962223,1.340733],[103.962229,1.34074],[103.962232,1.340756],[103.962233,1.34078],[103.96223,1.340814],[103.962221,1.340836],[103.962204,1.340849],[103.962181,1.340853],[103.962147,1.340848],[103.962129,1.340839],[103.962126,1.340823],[103.962137,1.340801]]]}},{"type":"Feature","properties":{"level":"0","level:ref":"1","indoor":"room"},"geometry":{"type":"Polygon","coordinates":[[[103.962808,1.340739],[103.962767,1.340737],[103.962775,1.340849],[103.962819,1.34085],[103.962808,1.340739]]]}},{"type":"Feature","properties":{"level":"0","level:ref":"1","indoor":"room"},"geometry":{"type":"Polygon","coordinates":[[[103.962766,1.340852],[103.962765,1.340794],[103.962677,1.340799],[103.962679,1.340856],[103.962766,1.340852]]]}},{"type":"Feature","properties":{"level":"0","level:ref":"1","indoor":"room"},"geometry":{"type":"Polygon","coordinates":[[[103.962676,1.340878],[103.962675,1.340854],[103.962674,1.340855],[103.962673,1.340839],[103.962673,1.340823],[103.962674,1.340823],[103.962674,1.340821],[103.962674,1.340821],[103.962672,1.340798],[103.962648,1.340798],[103.962648,1.340797],[103.962473,1.340803],[103.962475,1.340884],[103.962676,1.340878]]]}},{"type":"Feature","properties":{"level":"0","level:ref":"1","indoor":"room"},"geometry":{"type":"Polygon","coordinates":[[[103.962202,1.340985],[103.96217,1.340941],[103.962149,1.340911],[103.962135,1.340889],[103.962129,1.340877],[103.96213,1.340872],[103.962143,1.340871],[103.962171,1.340871],[103.962212,1.340873],[103.962272,1.340877],[103.962312,1.340889],[103.96234,1.340912],[103.962354,1.340943],[103.962355,1.340987],[103.962354,1.341018],[103.962353,1.34104],[103.96235,1.341051],[103.962345,1.341055],[103.962337,1.341056],[103.962323,1.341055],[103.962305,1.341053],[103.962279,1.341049],[103.962255,1.341037],[103.962228,1.341015],[103.962202,1.340985]]]}},{"type":"Feature","properties":{"level":"0","level:ref":"1","indoor":"room"},"geometry":{"type":"Polygon","coordinates":[[[103.961999,1.340991],[103.961995,1.340952],[103.961997,1.340925],[103.962007,1.340907],[103.962023,1.340897],[103.962047,1.340895],[103.962071,1.340904],[103.962099,1.340925],[103.962129,1.340957],[103.962165,1.341004],[103.962177,1.341035],[103.962168,1.341054],[103.962137,1.34106],[103.96208,1.341053],[103.962041,1.34104],[103.962013,1.341019],[103.961999,1.340991]]]}},{"type":"Feature","properties":{"name":"MRT","level":"0","level:ref":"1","indoor":"room"},"geometry":{"type":"Polygon","coordinates":[[[103.961962,1.340868],[103.961853,1.340889],[103.961886,1.341077],[103.961996,1.341055],[103.961962,1.340868]]]}},{"type":"Feature","properties":{"level":"0","level:ref":"1","indoor":"room"},"geometry":{"type":"Polygon","coordinates":[[[103.962667,1.340884],[103.962636,1.340884],[103.962592,1.340884],[103.962562,1.340886],[103.962541,1.340889],[103.962478,1.340886],[103.962474,1.340898],[103.962472,1.340923],[103.96247,1.34096],[103.962468,1.341014],[103.962479,1.341052],[103.962504,1.341082],[103.962528,1.341095],[103.962541,1.341101],[103.962596,1.341112],[103.962634,1.341118],[103.96266,1.34112],[103.962673,1.341118],[103.962674,1.341112],[103.962671,1.341105],[103.962664,1.341099],[103.962652,1.341092],[103.962635,1.341085],[103.962623,1.341071],[103.962617,1.341048],[103.962615,1.341019],[103.962619,1.340978],[103.962625,1.340949],[103.962636,1.340928],[103.962651,1.340916],[103.962671,1.340911],[103.962685,1.340906],[103.962688,1.340905],[103.962674,1.34089],[103.962679,1.340886],[103.962667,1.340884]]]}},{"type":"Feature","properties":{"level":"0","level:ref":"1","indoor":"room"},"geometry":{"type":"Polygon","coordinates":[[[103.962924,1.341113],[103.962925,1.341128],[103.962925,1.341138],[103.962923,1.341146],[103.962919,1.341152],[103.962913,1.341156],[103.962896,1.341155],[103.962863,1.341152],[103.962818,1.341144],[103.962752,1.341131],[103.962708,1.341122],[103.962679,1.341113],[103.962666,1.341106],[103.962667,1.3411],[103.962681,1.341098],[103.962709,1.3411],[103.962749,1.341107],[103.962808,1.341119],[103.962848,1.341125],[103.962875,1.341125],[103.962888,1.341121],[103.962887,1.34111],[103.962889,1.341103],[103.962893,1.341098],[103.9629,1.341095],[103.96291,1.341095],[103.962917,1.341097],[103.962922,1.341104],[103.962924,1.341113]]]}},{"type":"Feature","properties":{"name":"Wok Paradise Foodcourt","level":"0","level:ref":"1","indoor":"room"},"geometry":{"type":"Polygon","coordinates":[[[103.963008,1.341322],[103.962975,1.341317],[103.962952,1.341302],[103.962935,1.341275],[103.962926,1.341237],[103.962923,1.341183],[103.962928,1.341145],[103.962943,1.341118],[103.962966,1.341104],[103.963001,1.3411],[103.963027,1.341108],[103.963048,1.341131],[103.96306,1.341162],[103.963061,1.341165],[103.96307,1.341218],[103.963074,1.341256],[103.963074,1.341257],[103.963074,1.341285],[103.963071,1.341303],[103.963063,1.341314],[103.96305,1.34132],[103.963032,1.341323],[103.963008,1.341322]]]}},{"type":"Feature","properties":{"level":"0","level:ref":"1","indoor":"room"},"geometry":{"type":"Polygon","coordinates":[[[103.962742,1.341492],[103.96274,1.341483],[103.962735,1.341461],[103.962733,1.34144],[103.962736,1.341427],[103.962743,1.341422],[103.962756,1.341424],[103.962766,1.341432],[103.96277,1.341444],[103.962765,1.341465],[103.962755,1.341536],[103.962803,1.341547],[103.962849,1.341555],[103.962909,1.341562],[103.963001,1.341579],[103.963063,1.341592],[103.963105,1.341604],[103.963124,1.341613],[103.963123,1.341622],[103.963119,1.341627],[103.963112,1.34163],[103.963102,1.34163],[103.963087,1.341627],[103.963077,1.341628],[103.963069,1.341633],[103.963064,1.341641],[103.963054,1.341634],[103.963029,1.341635],[103.962993,1.341632],[103.96294,1.341622],[103.962905,1.341613],[103.962881,1.341603],[103.962861,1.341602],[103.962844,1.341598],[103.962818,1.341598],[103.962779,1.341601],[103.962752,1.341601],[103.962732,1.341597],[103.96272,1.341589],[103.96272,1.341588],[103.962714,1.341575],[103.962713,1.341565],[103.962716,1.341556],[103.962723,1.341549],[103.962735,1.341543],[103.962742,1.341532],[103.962744,1.341515],[103.962742,1.341492]]]}},{"type":"Feature","properties":{"level":"0","level:ref":"1","indoor":"room"},"geometry":{"type":"Polygon","coordinates":[[[103.962662,1.341782],[103.962706,1.341895],[103.962855,1.34185],[103.96282,1.341773],[103.962801,1.341727],[103.962662,1.341782]]]}},{"type":"Feature","properties":{"name":"Blk 51 Lobby (SUTD Staff Housing)","level":"0","level:ref":"1","indoor":"room"},"geometry":{"type":"Polygon","coordinates":[[[103.963575,1.34242],[103.963663,1.342216],[103.963491,1.34214],[103.963467,1.342129],[103.963379,1.342334],[103.963575,1.34242]]]}},{"type":"Feature","properties":{"name":"Blk 53 Lobby (SUTD Staff Housing)","level":"0","level:ref":"1","indoor":"room"},"geometry":{"type":"Polygon","coordinates":[[[103.964096,1.342919],[103.964084,1.342914],[103.964073,1.342913],[103.964063,1.342918],[103.964053,1.342928],[103.964043,1.342945],[103.964031,1.342953],[103.964016,1.342955],[103.963999,1.342949],[103.963977,1.342936],[103.963965,1.342922],[103.963961,1.342906],[103.963965,1.342889],[103.963979,1.342868],[103.96399,1.342855],[103.964001,1.342848],[103.96401,1.342847],[103.964019,1.342853],[103.964026,1.342856],[103.964032,1.342855],[103.964038,1.342852],[103.964043,1.342845],[103.964044,1.34284],[103.964042,1.342835],[103.964037,1.34283],[103.964028,1.342826],[103.964025,1.342818],[103.964028,1.342804],[103.964038,1.342786],[103.964055,1.342761],[103.964071,1.342747],[103.964089,1.342741],[103.964108,1.342745],[103.964127,1.342756],[103.96413,1.342758],[103.964145,1.342769],[103.964153,1.342779],[103.964154,1.342788],[103.96415,1.342796],[103.964148,1.342803],[103.964151,1.342809],[103.964156,1.342813],[103.964165,1.342818],[103.964172,1.342818],[103.964179,1.342816],[103.964185,1.34281],[103.964191,1.342801],[103.9642,1.342797],[103.964213,1.342798],[103.964229,1.342805],[103.964252,1.342818],[103.964264,1.342832],[103.964268,1.342847],[103.964263,1.342864],[103.964249,1.342885],[103.964237,1.342898],[103.964227,1.342906],[103.964218,1.342907],[103.964209,1.342902],[103.964201,1.342902],[103.964193,1.342905],[103.964186,1.342911],[103.964179,1.342922],[103.964176,1.342931],[103.964178,1.34294],[103.964184,1.342947],[103.964196,1.342954],[103.964201,1.342964],[103.9642,1.342977],[103.964193,1.342992],[103.964179,1.343013],[103.964164,1.343024],[103.964146,1.343027],[103.964127,1.343022],[103.964103,1.343008],[103.964089,1.342995],[103.964084,1.34298],[103.964086,1.342966],[103.964097,1.342949],[103.964102,1.342937],[103.964102,1.342927],[103.964096,1.342919]]]}},{"type":"Feature","properties":{"name":"Hostel Blk 55 Lobby","level":"0","level:ref":"1","indoor":"corridor"},"geometry":{"type":"Polygon","coordinates":[[[103.96437,1.342499],[103.964394,1.342459],[103.964428,1.342414],[103.964477,1.342356],[103.964536,1.342291],[103.964617,1.342207],[103.964667,1.342146],[103.964696,1.342098],[103.964699,1.342066],[103.96468,1.342046],[103.964651,1.34205],[103.964607,1.342077],[103.964552,1.342126],[103.964476,1.342204],[103.964419,1.342267],[103.964399,1.342291],[103.96437,1.342325],[103.964333,1.342374],[103.964303,1.342421],[103.964284,1.342453],[103.964274,1.342478],[103.964274,1.342491],[103.964282,1.342497],[103.96437,1.342499]]]}},{"type":"Feature","properties":{"name":"Hostel Blk 57 Lobby","level":"0","level:ref":"1","indoor":"corridor"},"geometry":{"type":"Polygon","coordinates":[[[103.96441,1.342052],[103.9643,1.342149],[103.964224,1.342213],[103.964169,1.342253],[103.964139,1.342268],[103.964068,1.342224],[103.964055,1.342211],[103.96406,1.3422],[103.964076,1.342172],[103.964122,1.342122],[103.964171,1.342074],[103.964193,1.342053],[103.964303,1.341953],[103.964383,1.341891],[103.964446,1.341858],[103.964489,1.341855],[103.964518,1.341883],[103.964514,1.341922],[103.964477,1.34198],[103.96441,1.342052]]]}},{"type":"Feature","properties":{"name":"Hostel Blk 59 Lobby","level":"0","level:ref":"1","indoor":"corridor"},"geometry":{"type":"Polygon","coordinates":[[[103.964146,1.341667],[103.963917,1.341814],[103.963637,1.341994],[103.963714,1.342131],[103.964029,1.341929],[103.964224,1.341804],[103.964146,1.341667]]]}},{"type":"Feature","properties":{"name":"Swimming Pool","level":"0","level:ref":"1","indoor":"room"},"geometry":{"type":"Polygon","coordinates":[[[103.965112,1.342137],[103.965089,1.342146],[103.965069,1.342127],[103.965048,1.342105],[103.965033,1.342077],[103.965038,1.342057],[103.965173,1.341933],[103.965331,1.341813],[103.965361,1.341814],[103.965384,1.341835],[103.965386,1.341863],[103.96525,1.342003],[103.965112,1.342137]]]}},{"type":"Feature","properties":{"name":"Squash Courts","level":"0","level:ref":"1","indoor":"room"},"geometry":{"type":"Polygon","coordinates":[[[103.964974,1.341403],[103.964744,1.341216],[103.964712,1.341254],[103.964935,1.341442],[103.964974,1.341403]]]}},{"type":"Feature","properties":{"level":"0","level:ref":"1","indoor":"room"},"geometry":{"type":"Polygon","coordinates":[[[103.964777,1.341791],[103.964815,1.341826],[103.964847,1.341793],[103.964809,1.341758],[103.964777,1.341791]]]}},{"type":"Feature","properties":{"ref":"1.102","name":"Lecture Theatre 1 (Albert Hong)","level":"0","level:ref":"1","indoor":"room"},"geometry":{"type":"Polygon","coordinates":[[[103.962307,1.340218],[103.962306,1.340286],[103.962292,1.340329],[103.962263,1.340355],[103.962221,1.340363],[103.962159,1.340353],[103.962118,1.340348],[103.96209,1.340347],[103.962077,1.340351],[103.962078,1.340359],[103.962075,1.340364],[103.962069,1.340367],[103.96206,1.340368],[103.962046,1.340365],[103.962035,1.340352],[103.962028,1.340327],[103.962024,1.34029],[103.962022,1.340237],[103.962037,1.340199],[103.962072,1.34017],[103.962125,1.340151],[103.962203,1.340141],[103.962255,1.340148],[103.962291,1.340175],[103.962303,1.34021],[103.962307,1.340218]]]}},{"type":"Feature","properties":{"ref":"2.101","name":"Auditorium","level":"0","level:ref":"1","indoor":"room"},"geometry":{"type":"Polygon","coordinates":[[[103.962882,1.340906],[103.962645,1.340927],[103.962644,1.341082],[103.962876,1.341103],[103.962881,1.341049],[103.962881,1.340959],[103.962882,1.340906]]]}},{"type":"Feature","properties":{"ref":"5.101","name":"Makerspace-One","level":"0","level:ref":"1","indoor":"room"},"geometry":{"type":"Polygon","coordinates":[[[103.962916,1.341619],[103.962907,1.341645],[103.962941,1.341656],[103.962998,1.341666],[103.963045,1.341668],[103.963049,1.34164],[103.962916,1.341619]]]}},{"type":"Feature","properties":{"ref":"5.101-0","name":"Scrapyard","level":"0","level:ref":"1","indoor":"room"},"geometry":{"type":"Polygon","coordinates":[[[103.963132,1.341623],[103.963202,1.341593],[103.963178,1.34154],[103.963107,1.34157],[103.963119,1.341596],[103.963126,1.341611],[103.963132,1.341623]]]}},{"type":"Feature","properties":{"ref":"5.101-0","name":"Wood Store","level":"0","level:ref":"1","indoor":"room"},"geometry":{"type":"Polygon","coordinates":[[[103.963073,1.341625],[103.963065,1.341673],[103.963076,1.341675],[103.963111,1.341682],[103.963119,1.341683],[103.963127,1.341635],[103.963073,1.341625]]]}},{"type":"Feature","properties":{"ref":"5.101-06","name":"Woodwork Section","level":"0","level:ref":"1","indoor":"room"},"geometry":{"type":"Polygon","coordinates":[[[103.963116,1.341492],[103.962945,1.341466],[103.962929,1.341565],[103.963022,1.341578],[103.9631,1.34159],[103.963116,1.341492]]]}},{"type":"Feature","properties":{"ref":"5.101-07","name":"Assembly Space","level":"0","level:ref":"1","indoor":"room"},"geometry":{"type":"Polygon","coordinates":[[[103.962944,1.341463],[103.962774,1.341437],[103.962758,1.341536],[103.96285,1.341549],[103.962929,1.341562],[103.962944,1.341463]]]}},{"type":"Feature","properties":{"ref":"5.101-08","name":"Fab Lab","level":"0","level:ref":"1","indoor":"room"},"geometry":{"type":"Polygon","coordinates":[[[103.962733,1.341636],[103.96278,1.341615],[103.962769,1.341589],[103.962763,1.341591],[103.962722,1.34161],[103.962733,1.341636]]]}},{"type":"Feature","properties":{"ref":"5.101-09","name":"NightOwl Makerspace","level":"0","level:ref":"1","indoor":"room"},"geometry":{"type":"Polygon","coordinates":[[[103.962693,1.341545],[103.96274,1.341535],[103.962721,1.341434],[103.962674,1.341444],[103.962693,1.341545]]]}},{"type":"Feature","properties":{"ref":"5.101-14","name":"Air Compressor Room","level":"0","level:ref":"1","indoor":"room"},"geometry":{"type":"Polygon","coordinates":[[[103.962771,1.341625],[103.962739,1.34164],[103.96274,1.341643],[103.962762,1.34169],[103.962794,1.341675],[103.962771,1.341625]]]}},{"type":"Feature","properties":{"ref":"5.101-15","name":"Composite Section","level":"0","level:ref":"1","indoor":"room"},"geometry":{"type":"Polygon","coordinates":[[[103.962792,1.341652],[103.962786,1.341636],[103.962784,1.341625],[103.962787,1.341615],[103.962793,1.341608],[103.962805,1.341602],[103.962814,1.341602],[103.962822,1.341606],[103.962829,1.341615],[103.962835,1.341631],[103.962837,1.341642],[103.962835,1.341652],[103.962828,1.341659],[103.962816,1.341665],[103.962812,1.341665],[103.962807,1.341665],[103.962799,1.341661],[103.962792,1.341652]]]}},{"type":"Feature","properties":{"ref":"5.101-16","name":"Painting Preparation Section","level":"0","level:ref":"1","indoor":"room"},"geometry":{"type":"Polygon","coordinates":[[[103.962851,1.341646],[103.962844,1.34163],[103.962843,1.341619],[103.962848,1.341611],[103.962859,1.341607],[103.962878,1.341606],[103.962891,1.341608],[103.962898,1.341613],[103.962901,1.341621],[103.962899,1.341633],[103.962896,1.341643],[103.96289,1.34165],[103.962883,1.341656],[103.962874,1.34166],[103.962868,1.34166],[103.962866,1.34166],[103.962858,1.341655],[103.962851,1.341646]]]}},{"type":"Feature","properties":{"ref":"5.103","name":"Machine / Sheet Metal Section","level":"0","level:ref":"1","indoor":"room"},"geometry":{"type":"Polygon","coordinates":[[[103.962656,1.34155],[103.962684,1.341609],[103.962685,1.34161],[103.962693,1.341619],[103.962702,1.341635],[103.962714,1.341659],[103.962715,1.341679],[103.962704,1.341698],[103.962682,1.341714],[103.962646,1.341729],[103.962617,1.341727],[103.962588,1.341706],[103.962578,1.341692],[103.962563,1.34167],[103.962537,1.341611],[103.962527,1.341568],[103.96253,1.341534],[103.962548,1.341512],[103.962582,1.341498],[103.962605,1.34149],[103.962622,1.341486],[103.962631,1.341487],[103.962634,1.341493],[103.962635,1.341498],[103.962634,1.3415],[103.962647,1.341531],[103.962656,1.34155]]]}},{"type":"Feature","properties":{"ref":"5.106","name":"Logistic Centre","level":"0","level:ref":"1","indoor":"room"},"geometry":{"type":"Polygon","coordinates":[[[103.962779,1.341736],[103.962758,1.341747],[103.962742,1.341751],[103.96273,1.34175],[103.962721,1.341744],[103.962716,1.341731],[103.962717,1.341722],[103.962724,1.341713],[103.962738,1.341707],[103.962761,1.341701],[103.962773,1.341699],[103.962777,1.341698],[103.962789,1.3417],[103.962797,1.341704],[103.962802,1.341712],[103.962801,1.341719],[103.962793,1.341728],[103.962779,1.341736]]]}},{"type":"Feature","properties":{"ref":"5.108","name":"Fire Command Centre (FCC)","level":"0","level:ref":"1","indoor":"room"},"geometry":{"type":"Polygon","coordinates":[[[103.96283,1.341729],[103.96285,1.341774],[103.962875,1.341833],[103.96288,1.341845],[103.962933,1.341819],[103.962883,1.341703],[103.96283,1.341729]]]}},{"type":"Feature","properties":{"ref":"5.109","name":"Security Control Room","level":"0","level:ref":"1","indoor":"room"},"geometry":{"type":"Polygon","coordinates":[[[103.962979,1.341705],[103.962976,1.341717],[103.96297,1.341727],[103.96296,1.341735],[103.962946,1.341741],[103.962925,1.341745],[103.96291,1.341746],[103.962898,1.341743],[103.962891,1.341736],[103.962885,1.341724],[103.962886,1.341714],[103.962893,1.341705],[103.962905,1.341696],[103.962925,1.341687],[103.96294,1.341682],[103.962953,1.341679],[103.962963,1.341679],[103.962971,1.341683],[103.962972,1.341684],[103.962976,1.341688],[103.962979,1.341695],[103.962979,1.341705]]]}},{"type":"Feature","properties":{"ref":"5.110","name":"FM Office","level":"0","level:ref":"1","indoor":"room"},"geometry":{"type":"Polygon","coordinates":[[[103.963025,1.341693],[103.963057,1.341697],[103.963071,1.3417],[103.96308,1.341702],[103.963089,1.341705],[103.963097,1.341708],[103.963107,1.341716],[103.963113,1.341726],[103.963109,1.341736],[103.963095,1.341748],[103.963073,1.34176],[103.963055,1.341769],[103.963038,1.341776],[103.963013,1.341784],[103.962994,1.341786],[103.962983,1.341781],[103.962978,1.341768],[103.962975,1.341756],[103.962973,1.341743],[103.962974,1.341728],[103.962977,1.341711],[103.962986,1.3417],[103.963003,1.341694],[103.963025,1.341693]]]}},{"type":"Feature","properties":{"ref":"57.151","name":"Hostel Lounge","level":"0","level:ref":"1","indoor":"room"},"geometry":{"type":"Polygon","coordinates":[[[103.964409,1.341874],[103.96433,1.34194],[103.964364,1.341975],[103.964446,1.341909],[103.964409,1.341874]]]}},{"type":"Feature","properties":{"ref":"61.101","name":"Dance Studio 1","level":"0","level:ref":"1","indoor":"room"},"geometry":{"type":"Polygon","coordinates":[[[103.964682,1.341643],[103.964692,1.341665],[103.964674,1.341686],[103.964653,1.341709],[103.964626,1.341725],[103.964606,1.34172],[103.964568,1.34167],[103.964523,1.341621],[103.964551,1.341598],[103.964573,1.341576],[103.9646,1.341557],[103.96464,1.341595],[103.964682,1.341643]]]}},{"type":"Feature","properties":{"ref":"61.102","name":"Dance Studio 2","level":"0","level:ref":"1","indoor":"room"},"geometry":{"type":"Polygon","coordinates":[[[103.964581,1.341528],[103.964591,1.34155],[103.964574,1.341571],[103.964552,1.341594],[103.964525,1.341609],[103.964505,1.341605],[103.964467,1.341555],[103.964449,1.341513],[103.96445,1.341483],[103.964473,1.34146],[103.964501,1.341459],[103.96454,1.34148],[103.964581,1.341528]]]}},{"type":"Feature","properties":{"ref":"61.103","name":"Fitness Centre","level":"0","level:ref":"1","indoor":"room"},"geometry":{"type":"Polygon","coordinates":[[[103.964766,1.341873],[103.964948,1.34204],[103.965025,1.341967],[103.964843,1.341801],[103.964766,1.341873]]]}},{"type":"Feature","properties":{"ref":"61.105","name":"Sports Hall 1","level":"0","level:ref":"1","indoor":"room"},"geometry":{"type":"Polygon","coordinates":[[[103.965104,1.341614],[103.965165,1.341673],[103.965197,1.341721],[103.965206,1.341767],[103.965189,1.341807],[103.965146,1.341848],[103.965104,1.341864],[103.965057,1.341856],[103.965006,1.341825],[103.964945,1.341766],[103.964914,1.341718],[103.964905,1.341672],[103.964921,1.341632],[103.964964,1.341591],[103.965006,1.341576],[103.965054,1.341584],[103.965104,1.341614]]]}},{"type":"Feature","properties":{"ref":"61.106","name":"Sports Hall 2","level":"0","level:ref":"1","indoor":"room"},"geometry":{"type":"Polygon","coordinates":[[[103.964796,1.341315],[103.964864,1.341375],[103.9649,1.341425],[103.964911,1.341473],[103.964896,1.341516],[103.964852,1.341559],[103.964808,1.341576],[103.964757,1.341568],[103.964701,1.341536],[103.964633,1.341476],[103.964596,1.341425],[103.964585,1.341377],[103.964601,1.341335],[103.964645,1.341292],[103.96469,1.341275],[103.964694,1.341276],[103.964741,1.341283],[103.964796,1.341315]]]}},{"type":"Feature","properties":{"kind":"lift","name":"Lift Lobby A","level":"1","level:ref":"2"},"geometry":{"type":"Point","coordinates":[103.962881,1.34021]}},{"type":"Feature","properties":{"kind":"lift","name":"Lift Lobby C","level":"1","level:ref":"2"},"geometry":{"type":"Point","coordinates":[103.962305,1.340454]}},{"type":"Feature","properties":{"kind":"lift","name":"Lift Lobby E","level":"1","level:ref":"2"},"geometry":{"type":"Point","coordinates":[103.96284,1.340797]}},{"type":"Feature","properties":{"kind":"lift","name":"Lift Lobby F","level":"1","level:ref":"2"},"geometry":{"type":"Point","coordinates":[103.962309,1.340796]}},{"type":"Feature","properties":{"kind":"lift","name":"Lift Lobby J","level":"1","level:ref":"2"},"geometry":{"type":"Point","coordinates":[103.963389,1.340881]}},{"type":"Feature","properties":{"kind":"lift","level":"1","level:ref":"2"},"geometry":{"type":"Point","coordinates":[103.964826,1.341804]}},{"type":"Feature","properties":{"name":"Open Plaza","level":"1","level:ref":"2"},"geometry":{"type":"Polygon","coordinates":[[[103.962403,1.340389],[103.962354,1.340389],[103.962354,1.340138],[103.96245,1.340137],[103.962479,1.340137],[103.962479,1.340186],[103.962498,1.340134],[103.962173,1.340028],[103.962057,1.34034],[103.962382,1.340446],[103.962403,1.340389]]]}},{"type":"Feature","properties":{"level":"1","level:ref":"2","indoor":"room"},"geometry":{"type":"Polygon","coordinates":[[[103.962639,1.340379],[103.962641,1.340388],[103.96264,1.340395],[103.962637,1.3404],[103.962631,1.340402],[103.962622,1.340404],[103.962616,1.340403],[103.962611,1.340399],[103.962608,1.340393],[103.962607,1.340383],[103.962608,1.340377],[103.962611,1.340372],[103.962617,1.340369],[103.962624,1.340369],[103.962626,1.340368],[103.962632,1.340369],[103.962637,1.340372],[103.962639,1.340379]]]}},{"type":"Feature","properties":{"name":"DR 2.3","level":"1","level:ref":"2","indoor":"room"},"geometry":{"type":"Polygon","coordinates":[[[103.962548,1.340404],[103.96252,1.340387],[103.962512,1.3404],[103.962519,1.340405],[103.96254,1.340418],[103.962548,1.340404]]]}},{"type":"Feature","properties":{"level":"1","level:ref":"2","indoor":"room"},"geometry":{"type":"Polygon","coordinates":[[[103.962707,1.340439],[103.962697,1.340367],[103.962638,1.340376],[103.962639,1.340379],[103.962641,1.340388],[103.96264,1.340395],[103.962637,1.3404],[103.962631,1.340402],[103.962622,1.340404],[103.962616,1.340403],[103.962611,1.340399],[103.962608,1.340393],[103.962607,1.340383],[103.962607,1.340381],[103.962554,1.34039],[103.962565,1.340462],[103.962707,1.340439]]]}},{"type":"Feature","properties":{"name":"DR 2.2","level":"1","level:ref":"2","indoor":"room"},"geometry":{"type":"Polygon","coordinates":[[[103.962548,1.340419],[103.962549,1.340426],[103.962548,1.340431],[103.962546,1.340434],[103.962541,1.340436],[103.962534,1.340437],[103.962529,1.340437],[103.962525,1.340434],[103.962522,1.34043],[103.962521,1.340423],[103.962521,1.340422],[103.962522,1.340419],[103.962525,1.340415],[103.96253,1.340413],[103.962537,1.340412],[103.962542,1.340413],[103.962546,1.340415],[103.962548,1.340419]]]}},{"type":"Feature","properties":{"name":"DR 2.1","level":"1","level:ref":"2","indoor":"room"},"geometry":{"type":"Polygon","coordinates":[[[103.962547,1.340466],[103.962534,1.340453],[103.962532,1.34045],[103.962528,1.340444],[103.962527,1.340437],[103.962531,1.340434],[103.962541,1.340432],[103.962549,1.340434],[103.962554,1.34044],[103.962558,1.340449],[103.962561,1.340463],[103.962547,1.340466]]]}},{"type":"Feature","properties":{"level":"1","level:ref":"2","indoor":"corridor"},"geometry":{"type":"Polygon","coordinates":[[[103.962322,1.34045],[103.962322,1.340459],[103.962322,1.340485],[103.962318,1.340509],[103.962312,1.340524],[103.962302,1.340529],[103.962287,1.340526],[103.962279,1.340516],[103.962276,1.340499],[103.962277,1.340475],[103.962284,1.340441],[103.96229,1.340418],[103.962297,1.340403],[103.962304,1.340397],[103.962312,1.340399],[103.962317,1.340408],[103.962321,1.340425],[103.962322,1.34045]]]}},{"type":"Feature","properties":{"level":"1","level:ref":"2","indoor":"room"},"geometry":{"type":"Polygon","coordinates":[[[103.962938,1.340798],[103.962941,1.34078],[103.96295,1.340767],[103.962967,1.34076],[103.962984,1.340763],[103.962995,1.340768],[103.963002,1.340777],[103.963004,1.340788],[103.963002,1.340805],[103.962997,1.340816],[103.962988,1.340823],[103.962975,1.340825],[103.962958,1.340823],[103.962947,1.340818],[103.96294,1.340809],[103.962938,1.340798]]]}},{"type":"Feature","properties":{"level":"1","level:ref":"2","indoor":"corridor"},"geometry":{"type":"Polygon","coordinates":[[[103.962839,1.340842],[103.962831,1.340843],[103.962826,1.340838],[103.962823,1.340827],[103.962821,1.34081],[103.962821,1.340786],[103.962823,1.34077],[103.962826,1.340759],[103.962831,1.340754],[103.962838,1.340754],[103.962842,1.340759],[103.962846,1.34077],[103.962847,1.340786],[103.962849,1.340799],[103.962848,1.34081],[103.962847,1.340826],[103.962844,1.340837],[103.962839,1.340842]]]}},{"type":"Feature","properties":{"level":"1","level:ref":"2","indoor":"corridor"},"geometry":{"type":"Polygon","coordinates":[[[103.962311,1.340857],[103.962296,1.340856],[103.962287,1.340849],[103.962282,1.340834],[103.962281,1.340812],[103.962284,1.340781],[103.962288,1.340759],[103.962295,1.340745],[103.962304,1.340738],[103.962316,1.340739],[103.962323,1.340746],[103.962329,1.340761],[103.962331,1.340782],[103.962331,1.340814],[103.962327,1.340836],[103.962321,1.34085],[103.962311,1.340857]]]}},{"type":"Feature","properties":{"level":"1","level:ref":"2","indoor":"corridor"},"geometry":{"type":"Polygon","coordinates":[[[103.963096,1.341274],[103.963197,1.341268],[103.963186,1.341157],[103.963183,1.34113],[103.96316,1.341075],[103.963144,1.341022],[103.963136,1.341024],[103.963124,1.340982],[103.963112,1.340939],[103.963076,1.340942],[103.96308,1.341015],[103.963092,1.341209],[103.963096,1.341274]]]}},{"type":"Feature","properties":{"name":"Canteen","level":"1","level:ref":"2","indoor":"room"},"geometry":{"type":"Polygon","coordinates":[[[103.962959,1.340886],[103.962992,1.340887],[103.963018,1.340887],[103.963056,1.340889],[103.96308,1.340891],[103.963087,1.340894],[103.963079,1.340899],[103.963075,1.340925],[103.963076,1.340979],[103.963081,1.341057],[103.96309,1.341169],[103.963076,1.341242],[103.963035,1.341287],[103.962971,1.341301],[103.962874,1.341286],[103.962809,1.341273],[103.962766,1.341258],[103.962747,1.341243],[103.96275,1.341225],[103.962746,1.341212],[103.962735,1.341202],[103.962749,1.341187],[103.962767,1.341169],[103.962846,1.341177],[103.962899,1.341169],[103.962914,1.341119],[103.962913,1.341086],[103.962906,1.341018],[103.962896,1.340938],[103.962889,1.340915],[103.962897,1.3409],[103.962921,1.34089],[103.962959,1.340886]]]}},{"type":"Feature","properties":{"level":"1","level:ref":"2","indoor":"corridor"},"geometry":{"type":"Polygon","coordinates":[[[103.963406,1.340897],[103.963386,1.34091],[103.963372,1.340918],[103.96336,1.340922],[103.963353,1.34092],[103.963349,1.340914],[103.963351,1.340907],[103.963357,1.340897],[103.963369,1.340885],[103.963382,1.340875],[103.963388,1.34087],[103.963402,1.340861],[103.963414,1.340858],[103.963421,1.34086],[103.963426,1.340868],[103.963426,1.340876],[103.963419,1.340886],[103.963406,1.340897]]]}},{"type":"Feature","properties":{"name":"Maker Breaker Space","level":"1","level:ref":"2","indoor":"room"},"geometry":{"type":"Polygon","coordinates":[[[103.964402,1.342003],[103.964394,1.34201],[103.964385,1.342011],[103.964372,1.342005],[103.964357,1.341995],[103.964337,1.341976],[103.964325,1.341962],[103.964319,1.34195],[103.96432,1.341941],[103.964327,1.341934],[103.964336,1.341933],[103.964348,1.341938],[103.964364,1.34195],[103.964384,1.341968],[103.964396,1.341983],[103.964402,1.341994],[103.964402,1.342003]]]}},{"type":"Feature","properties":{"name":"Music Room 2","level":"1","level:ref":"2","indoor":"room"},"geometry":{"type":"Polygon","coordinates":[[[103.96512,1.341618],[103.965144,1.341664],[103.965175,1.341632],[103.96517,1.341628],[103.965139,1.341599],[103.96512,1.341618]]]}},{"type":"Feature","properties":{"name":"Music Room 1","level":"1","level:ref":"2","indoor":"room"},"geometry":{"type":"Polygon","coordinates":[[[103.965136,1.341667],[103.965167,1.341697],[103.965199,1.341665],[103.965178,1.341645],[103.965155,1.341649],[103.965136,1.341667]]]}},{"type":"Feature","properties":{"level":"1","level:ref":"2","indoor":"room"},"geometry":{"type":"Polygon","coordinates":[[[103.964845,1.341826],[103.964834,1.341837],[103.964825,1.341843],[103.964815,1.341843],[103.964806,1.341839],[103.964797,1.34183],[103.964792,1.341821],[103.964793,1.341811],[103.964799,1.341801],[103.96481,1.34179],[103.964819,1.341784],[103.964829,1.341784],[103.964838,1.341788],[103.964848,1.341797],[103.964852,1.341806],[103.964851,1.341816],[103.964845,1.341826]]]}},{"type":"Feature","properties":{"level":"1","level:ref":"2","indoor":"corridor"},"geometry":{"type":"Polygon","coordinates":[[[103.965186,1.341687],[103.965181,1.341692],[103.965181,1.341699],[103.965188,1.34171],[103.965199,1.341723],[103.965218,1.341741],[103.965233,1.341751],[103.965246,1.341754],[103.965258,1.341751],[103.965268,1.341741],[103.965247,1.341706],[103.965189,1.34164],[103.965099,1.341549],[103.964963,1.341418],[103.964869,1.341332],[103.964802,1.341276],[103.964765,1.341254],[103.964755,1.341264],[103.96476,1.341283],[103.964781,1.341313],[103.964817,1.341352],[103.964874,1.341407],[103.964905,1.341452],[103.964913,1.341494],[103.964899,1.341531],[103.96486,1.341568],[103.964828,1.341588],[103.964798,1.341594],[103.964771,1.341584],[103.964745,1.341559],[103.964726,1.341543],[103.96471,1.341535],[103.964699,1.341535],[103.964692,1.341542],[103.964684,1.341544],[103.964675,1.341542],[103.964665,1.341536],[103.964653,1.341524],[103.964646,1.341514],[103.964617,1.341484],[103.964607,1.341477],[103.964597,1.341471],[103.964584,1.341458],[103.964573,1.341452],[103.964563,1.341451],[103.964554,1.341455],[103.964545,1.341465],[103.96455,1.341483],[103.964572,1.341514],[103.964609,1.341554],[103.964666,1.34161],[103.964716,1.341675],[103.964739,1.341724],[103.964619,1.341798],[103.964526,1.341882],[103.96446,1.341935],[103.964409,1.341965],[103.964272,1.34201],[103.964233,1.342016],[103.964203,1.342013],[103.964173,1.341997],[103.964138,1.341963],[103.964127,1.341929],[103.964139,1.341889],[103.964173,1.341846],[103.964233,1.341793],[103.964269,1.341753],[103.964287,1.341718],[103.964285,1.341692],[103.964264,1.341669],[103.964232,1.34167],[103.964186,1.341692],[103.964127,1.341736],[103.964047,1.341808],[103.96399,1.341857],[103.963944,1.341892],[103.963915,1.34191],[103.963891,1.341932],[103.963939,1.341989],[103.963956,1.341999],[103.96397,1.342001],[103.963984,1.341998],[103.963996,1.341993],[103.964009,1.341987],[103.96402,1.341979],[103.964033,1.341968],[103.964049,1.341968],[103.964071,1.341979],[103.964097,1.342],[103.964133,1.342034],[103.964154,1.34206],[103.964164,1.342081],[103.964163,1.342097],[103.96415,1.342109],[103.964145,1.342121],[103.964147,1.342135],[103.964156,1.342148],[103.964174,1.342165],[103.964189,1.342174],[103.964203,1.342176],[103.964215,1.342171],[103.964228,1.342159],[103.964245,1.342159],[103.964269,1.342172],[103.964297,1.342196],[103.964336,1.342234],[103.96436,1.342261],[103.964395,1.342325],[103.964416,1.342344],[103.964441,1.342346],[103.964474,1.342332],[103.964513,1.342303],[103.964564,1.342255],[103.964683,1.342136],[103.96463,1.342077],[103.964615,1.342083],[103.964589,1.342102],[103.964555,1.342132],[103.964506,1.34218],[103.964466,1.342205],[103.964428,1.342212],[103.964395,1.342201],[103.964362,1.34217],[103.964361,1.342128],[103.964393,1.34207],[103.964455,1.342],[103.964557,1.341906],[103.964631,1.341848],[103.964691,1.341816],[103.96473,1.341814],[103.964756,1.34184],[103.964776,1.341856],[103.964793,1.341863],[103.964801,1.341862],[103.964813,1.341852],[103.964813,1.341847],[103.964783,1.341821],[103.964794,1.341802],[103.964808,1.341784],[103.96482,1.341781],[103.964831,1.341779],[103.964845,1.341787],[103.964846,1.341795],[103.96487,1.341811],[103.964908,1.341844],[103.964947,1.341883],[103.964962,1.341897],[103.965002,1.341928],[103.965002,1.341929],[103.965035,1.341945],[103.965058,1.341945],[103.965076,1.341927],[103.965086,1.341914],[103.965089,1.341901],[103.965085,1.34189],[103.965074,1.341879],[103.965065,1.341874],[103.965055,1.341873],[103.965046,1.341877],[103.965037,1.341886],[103.965025,1.341887],[103.965008,1.341879],[103.964987,1.341862],[103.96496,1.341836],[103.964943,1.341817],[103.964934,1.341802],[103.964932,1.341793],[103.964926,1.341787],[103.96492,1.341781],[103.964907,1.341777],[103.964899,1.341774],[103.96489,1.341767],[103.964878,1.341756],[103.964881,1.341738],[103.964897,1.341711],[103.964927,1.341678],[103.964975,1.341632],[103.965012,1.341604],[103.965043,1.341592],[103.965066,1.341594],[103.965086,1.341613],[103.9651,1.341625],[103.965111,1.341631],[103.965119,1.341632],[103.965124,1.341628],[103.965131,1.341628],[103.96512,1.341618],[103.965139,1.341599],[103.96517,1.341628],[103.965175,1.341632],[103.96517,1.341638],[103.965178,1.341645],[103.965199,1.341665],[103.965185,1.341678],[103.965186,1.341681],[103.965186,1.341687]]]}},{"type":"Feature","properties":{"ref":"1.202","name":"Design and Artificial Intelligence (DAI) office","level":"1","level:ref":"2","indoor":"room"},"geometry":{"type":"Polygon","coordinates":[[[103.962684,1.339951],[103.962793,1.339938],[103.962868,1.339931],[103.962923,1.339929],[103.962953,1.339931],[103.962964,1.339939],[103.962972,1.339955],[103.96298,1.339982],[103.962987,1.340019],[103.962994,1.34007],[103.96299,1.340106],[103.962973,1.340132],[103.962946,1.340147],[103.962902,1.340153],[103.962872,1.340153],[103.962849,1.340147],[103.962836,1.340135],[103.96283,1.340116],[103.962812,1.340104],[103.962781,1.340098],[103.962737,1.340097],[103.962675,1.340102],[103.962632,1.340103],[103.962603,1.3401],[103.962589,1.340094],[103.962588,1.340084],[103.962586,1.340077],[103.962582,1.340073],[103.962581,1.340072],[103.962575,1.34007],[103.962565,1.340071],[103.962558,1.340066],[103.962552,1.340053],[103.962547,1.340034],[103.962543,1.340006],[103.962564,1.339984],[103.962612,1.339965],[103.962684,1.339951]]]}},{"type":"Feature","properties":{"ref":"1.203","name":"Lecture Theatre 2","level":"1","level:ref":"2","indoor":"room"},"geometry":{"type":"Polygon","coordinates":[[[103.962479,1.340389],[103.962479,1.340137],[103.96245,1.340137],[103.962354,1.340138],[103.962354,1.340389],[103.962479,1.340389]]]}},{"type":"Feature","properties":{"ref":"2.201","name":"Think Tank 16","level":"1","level:ref":"2","indoor":"room"},"geometry":{"type":"Polygon","coordinates":[[[103.962774,1.340858],[103.962774,1.340747],[103.962711,1.340747],[103.962711,1.340858],[103.962744,1.340858],[103.962774,1.340858]]]}},{"type":"Feature","properties":{"ref":"2.202","name":"Think Tank 17","level":"1","level:ref":"2","indoor":"room"},"geometry":{"type":"Polygon","coordinates":[[[103.962545,1.340862],[103.962585,1.340862],[103.962656,1.340862],[103.962704,1.340861],[103.962703,1.340747],[103.962545,1.340747],[103.962545,1.340862]]]}},{"type":"Feature","properties":{"ref":"2.203","name":"Think Tank 18","level":"1","level:ref":"2","indoor":"room"},"geometry":{"type":"Polygon","coordinates":[[[103.962546,1.340863],[103.962543,1.340749],[103.962463,1.34075],[103.962465,1.340864],[103.962531,1.340863],[103.962546,1.340863]]]}},{"type":"Feature","properties":{"ref":"2.204","name":"IT Care","level":"1","level:ref":"2","indoor":"room"},"geometry":{"type":"Polygon","coordinates":[[[103.962144,1.340798],[103.962189,1.340762],[103.962219,1.340747],[103.962239,1.34075],[103.962247,1.340769],[103.962245,1.340809],[103.962235,1.340836],[103.962214,1.340852],[103.962185,1.340857],[103.962142,1.340852],[103.962122,1.340841],[103.962123,1.340822],[103.962144,1.340798]]]}},{"type":"Feature","properties":{"ref":"2.204A","name":"SUTD Wireless Innovation Centre","level":"1","level:ref":"2","indoor":"room"},"geometry":{"type":"Polygon","coordinates":[[[103.961818,1.340723],[103.961822,1.340718],[103.961833,1.340715],[103.961853,1.340712],[103.961879,1.340711],[103.961917,1.34071],[103.961942,1.340718],[103.961959,1.340734],[103.961967,1.340757],[103.961966,1.340792],[103.961957,1.340816],[103.96194,1.340832],[103.961915,1.340839],[103.961879,1.340838],[103.961854,1.340832],[103.961835,1.340818],[103.961824,1.340798],[103.961818,1.340769],[103.961816,1.340748],[103.961816,1.340733],[103.961818,1.340723]]]}},{"type":"Feature","properties":{"ref":"2.205","name":"Office of Information Technology","level":"1","level:ref":"2","indoor":"room"},"geometry":{"type":"Polygon","coordinates":[[[103.961862,1.340994],[103.961851,1.340929],[103.961851,1.340885],[103.961862,1.340856],[103.961884,1.340844],[103.961921,1.340846],[103.961947,1.340859],[103.961968,1.340885],[103.961981,1.340922],[103.961989,1.340977],[103.961988,1.341015],[103.961976,1.341044],[103.961956,1.341061],[103.961923,1.34107],[103.961898,1.341062],[103.961877,1.341036],[103.961862,1.340994]]]}},{"type":"Feature","properties":{"ref":"2.206","name":"Office of Information Technology","level":"1","level:ref":"2","indoor":"room"},"geometry":{"type":"Polygon","coordinates":[[[103.962029,1.341052],[103.961903,1.341081],[103.961925,1.341162],[103.962051,1.341132],[103.962029,1.341052]]]}},{"type":"Feature","properties":{"ref":"2.207","name":"SUTD Cleanroom","level":"1","level:ref":"2","indoor":"room"},"geometry":{"type":"Polygon","coordinates":[[[103.962385,1.341098],[103.962262,1.341074],[103.962143,1.34105],[103.962121,1.341163],[103.962363,1.34121],[103.962385,1.341098]]]}},{"type":"Feature","properties":{"ref":"2.208","name":"Metrology Lab","level":"1","level:ref":"2","indoor":"room"},"geometry":{"type":"Polygon","coordinates":[[[103.962489,1.341238],[103.962437,1.341229],[103.962404,1.341216],[103.962383,1.341196],[103.962376,1.341173],[103.962383,1.34114],[103.962398,1.341121],[103.962424,1.341111],[103.962459,1.341111],[103.96251,1.341121],[103.962542,1.341135],[103.962563,1.341154],[103.962571,1.341177],[103.962566,1.341209],[103.962551,1.341228],[103.962525,1.341238],[103.962489,1.341238]]]}},{"type":"Feature","properties":{"ref":"2.209","name":"Studio 7","level":"1","level:ref":"2","indoor":"room"},"geometry":{"type":"Polygon","coordinates":[[[103.962399,1.341087],[103.962375,1.34108],[103.962359,1.341066],[103.962349,1.341042],[103.962345,1.341012],[103.962347,1.340969],[103.962355,1.340939],[103.962371,1.340919],[103.962392,1.340909],[103.962423,1.340907],[103.962445,1.340907],[103.962462,1.340909],[103.962472,1.340913],[103.962477,1.340918],[103.962481,1.34093],[103.962483,1.340951],[103.962485,1.340977],[103.962486,1.341016],[103.962483,1.341042],[103.962476,1.341061],[103.962466,1.341072],[103.962451,1.341075],[103.962449,1.341076],[103.962441,1.341079],[103.962434,1.341082],[103.962431,1.341086],[103.962431,1.341091],[103.962426,1.341093],[103.962415,1.341092],[103.962399,1.341087]]]}},{"type":"Feature","properties":{"ref":"3.201","name":"Office of Admissions / Office of Student Administration","level":"1","level:ref":"2","indoor":"room"},"geometry":{"type":"Polygon","coordinates":[[[103.963436,1.340846],[103.963644,1.340824],[103.963686,1.34082],[103.963672,1.340681],[103.963422,1.340707],[103.963436,1.340846]]]}},{"type":"Feature","properties":{"ref":"3.202","name":"Lee Kuan Yew Centre for Innovative Cities","level":"1","level:ref":"2","indoor":"room"},"geometry":{"type":"Polygon","coordinates":[[[103.96348,1.341222],[103.963388,1.341066],[103.963348,1.34099],[103.963324,1.340937],[103.963319,1.340924],[103.963315,1.340912],[103.963321,1.340909],[103.963339,1.340928],[103.963373,1.340972],[103.963419,1.341039],[103.963487,1.341137],[103.963534,1.341203],[103.96348,1.341222]]]}},{"type":"Feature","properties":{"ref":"3.203","name":"Meeting Room 22","level":"1","level:ref":"2","indoor":"room"},"geometry":{"type":"Polygon","coordinates":[[[103.963433,1.340882],[103.963379,1.340921],[103.963406,1.340963],[103.96346,1.340924],[103.963433,1.340882]]]}},{"type":"Feature","properties":{"ref":"5.201","name":"Electronic Lab / Laser Cutting Section / Maker Space-Two","level":"1","level:ref":"2","indoor":"room"},"geometry":{"type":"Polygon","coordinates":[[[103.962712,1.341522],[103.962712,1.341467],[103.962712,1.341457],[103.962714,1.341448],[103.962718,1.341443],[103.962725,1.34144],[103.962736,1.341439],[103.96275,1.341442],[103.962759,1.341447],[103.962764,1.341455],[103.962765,1.341466],[103.962762,1.341481],[103.962761,1.341494],[103.962762,1.341507],[103.962766,1.34152],[103.962772,1.341533],[103.962797,1.341546],[103.962846,1.34156],[103.962916,1.341575],[103.963016,1.341592],[103.963084,1.341606],[103.96313,1.341617],[103.96315,1.341627],[103.96315,1.341635],[103.963145,1.34164],[103.963137,1.341642],[103.963126,1.341642],[103.96311,1.341639],[103.963098,1.34164],[103.96309,1.341644],[103.963084,1.341652],[103.963082,1.341664],[103.963068,1.341671],[103.96304,1.341672],[103.962943,1.341657],[103.962904,1.341648],[103.962879,1.341639],[103.962868,1.341629],[103.962808,1.341613],[103.962796,1.34161],[103.962786,1.341613],[103.962777,1.341612],[103.962772,1.341609],[103.962769,1.341602],[103.962764,1.341598],[103.962756,1.341598],[103.962746,1.3416],[103.962733,1.341606],[103.962723,1.341607],[103.962714,1.341603],[103.962713,1.341603],[103.962707,1.341596],[103.962701,1.341584],[103.9627,1.341574],[103.962703,1.341566],[103.962707,1.341555],[103.962712,1.341522]]]}},{"type":"Feature","properties":{"ref":"5.202","name":"Pantry Booth","level":"1","level:ref":"2","indoor":"room"},"geometry":{"type":"Polygon","coordinates":[[[103.962703,1.34153],[103.96265,1.341511],[103.962638,1.341552],[103.962663,1.341562],[103.962688,1.341572],[103.962703,1.34153]]]}},{"type":"Feature","properties":{"ref":"55.222A-B","name":"Multipurpose Hall (MPH) 1","level":"1","level:ref":"2","indoor":"room"},"geometry":{"type":"Polygon","coordinates":[[[103.964299,1.342155],[103.964408,1.342263],[103.964419,1.342272],[103.964467,1.342225],[103.964523,1.342174],[103.96439,1.34207],[103.964326,1.34213],[103.964299,1.342155]]]}},{"type":"Feature","properties":{"ref":"55.223A-B","name":"Multipurpose Hall (MPH) 2","level":"1","level:ref":"2","indoor":"room"},"geometry":{"type":"Polygon","coordinates":[[[103.964394,1.342066],[103.964514,1.342164],[103.964525,1.342173],[103.964574,1.342126],[103.964629,1.342075],[103.964496,1.341972],[103.964432,1.342031],[103.964394,1.342066]]]}},{"type":"Feature","properties":{"ref":"57.251","name":"Hostel Lounge","level":"1","level:ref":"2","indoor":"room"},"geometry":{"type":"Polygon","coordinates":[[[103.964439,1.341835],[103.964339,1.341928],[103.96441,1.341995],[103.96451,1.341902],[103.964439,1.341835]]]}},{"type":"Feature","properties":{"ref":"61.201","name":"Dance Studio 3","level":"1","level:ref":"2","indoor":"room"},"geometry":{"type":"Polygon","coordinates":[[[103.964535,1.341554],[103.964494,1.341518],[103.964487,1.341507],[103.964484,1.341497],[103.964487,1.341489],[103.964496,1.34148],[103.964505,1.341478],[103.964515,1.34148],[103.964527,1.341488],[103.964541,1.341501],[103.964575,1.341535],[103.964578,1.341545],[103.964575,1.341553],[103.964566,1.341561],[103.964557,1.341564],[103.964546,1.341561],[103.964535,1.341554]]]}},{"type":"Feature","properties":{"ref":"61.202","name":"Dance Studio 4","level":"1","level:ref":"2","indoor":"room"},"geometry":{"type":"Polygon","coordinates":[[[103.964614,1.341633],[103.964574,1.341597],[103.964566,1.341586],[103.964563,1.341576],[103.964566,1.341568],[103.964575,1.34156],[103.964584,1.341557],[103.964595,1.341559],[103.964606,1.341567],[103.964621,1.34158],[103.964654,1.341614],[103.964657,1.341624],[103.964654,1.341632],[103.964646,1.341641],[103.964636,1.341643],[103.964626,1.341641],[103.964614,1.341633]]]}},{"type":"Feature","properties":{"ref":"61.203","name":"Dance Studio 5","level":"1","level:ref":"2","indoor":"room"},"geometry":{"type":"Polygon","coordinates":[[[103.964686,1.34172],[103.964651,1.341679],[103.964644,1.341667],[103.964643,1.341657],[103.964647,1.341649],[103.964656,1.341642],[103.964665,1.34164],[103.964676,1.341644],[103.964686,1.341653],[103.964699,1.341668],[103.964729,1.341705],[103.96473,1.341716],[103.964726,1.341724],[103.964716,1.341731],[103.964707,1.341732],[103.964697,1.341728],[103.964686,1.34172]]]}},{"type":"Feature","properties":{"ref":"61.204","name":"Dance Studio 6","level":"1","level:ref":"2","indoor":"room"},"geometry":{"type":"Polygon","coordinates":[[[103.96489,1.341899],[103.964868,1.341921],[103.964849,1.341933],[103.964831,1.341936],[103.964815,1.341929],[103.964799,1.341913],[103.964793,1.341897],[103.964796,1.34188],[103.964808,1.341861],[103.96483,1.341839],[103.964849,1.341827],[103.964867,1.341824],[103.964883,1.341831],[103.964886,1.341834],[103.964899,1.341847],[103.964905,1.341863],[103.964902,1.34188],[103.96489,1.341899]]]}},{"type":"Feature","properties":{"ref":"61.205","name":"Dance Studio 7","level":"1","level:ref":"2","indoor":"room"},"geometry":{"type":"Polygon","coordinates":[[[103.964909,1.341864],[103.964833,1.341941],[103.964894,1.341998],[103.96497,1.341921],[103.96494,1.341893],[103.964909,1.341864]]]}},{"type":"Feature","properties":{"ref":"61.206","name":"Dance Studio 8","level":"1","level:ref":"2","indoor":"room"},"geometry":{"type":"Polygon","coordinates":[[[103.964897,1.342],[103.964959,1.342059],[103.965035,1.341984],[103.965002,1.341928],[103.964973,1.341925],[103.964897,1.342]]]}},{"type":"Feature","properties":{"ref":"61.208","name":"Office of Housing","level":"1","level:ref":"2","indoor":"room"},"geometry":{"type":"Polygon","coordinates":[[[103.964885,1.341741],[103.96503,1.341868],[103.965072,1.341836],[103.964921,1.341706],[103.964904,1.341722],[103.964885,1.341741]]]}},{"type":"Feature","properties":{"kind":"lift","name":"Lift Lobby C","level":"2","level:ref":"3"},"geometry":{"type":"Point","coordinates":[103.962311,1.340462]}},{"type":"Feature","properties":{"kind":"lift","name":"Lift Lobby E","level":"2","level:ref":"3"},"geometry":{"type":"Point","coordinates":[103.962835,1.340787]}},{"type":"Feature","properties":{"kind":"lift","name":"Lift Lobby F","level":"2","level:ref":"3"},"geometry":{"type":"Point","coordinates":[103.962309,1.340803]}},{"type":"Feature","properties":{"kind":"lift","name":"Lift Lobby J","level":"2","level:ref":"3"},"geometry":{"type":"Point","coordinates":[103.963394,1.340887]}},{"type":"Feature","properties":{"kind":"lift","name":"Lift Lobby A","level":"2","level:ref":"3"},"geometry":{"type":"Point","coordinates":[103.96288,1.340211]}},{"type":"Feature","properties":{"level":"2","level:ref":"3","indoor":"room"},"geometry":{"type":"Polygon","coordinates":[[[103.962641,1.340404],[103.962636,1.340376],[103.96262,1.340378],[103.962606,1.34038],[103.962611,1.340408],[103.962641,1.340404]]]}},{"type":"Feature","properties":{"level":"2","level:ref":"3","indoor":"corridor"},"geometry":{"type":"Polygon","coordinates":[[[103.962217,1.340497],[103.962207,1.340495],[103.9622,1.340492],[103.962193,1.340487],[103.962187,1.340481],[103.962181,1.340472],[103.962179,1.340464],[103.962179,1.340457],[103.962182,1.34045],[103.962188,1.340444],[103.96219,1.340439],[103.962188,1.340435],[103.962182,1.340432],[103.962173,1.34043],[103.962165,1.340425],[103.962157,1.340417],[103.96215,1.340405],[103.962142,1.340387],[103.962144,1.340377],[103.962155,1.340371],[103.962176,1.340371],[103.962208,1.340375],[103.962228,1.340385],[103.96224,1.340402],[103.962243,1.340425],[103.962237,1.340457],[103.962231,1.340478],[103.962224,1.340491],[103.962217,1.340497]]]}},{"type":"Feature","properties":{"level":"2","level:ref":"3","indoor":"corridor"},"geometry":{"type":"Polygon","coordinates":[[[103.962328,1.340494],[103.962331,1.34047],[103.962331,1.34046],[103.96233,1.340435],[103.962326,1.340419],[103.962317,1.340419],[103.962304,1.340435],[103.962286,1.34047],[103.962278,1.340494],[103.962278,1.340498],[103.962298,1.340496],[103.962316,1.340498],[103.962325,1.340498],[103.962328,1.340494]]]}},{"type":"Feature","properties":{"level":"2","level:ref":"3","indoor":"room"},"geometry":{"type":"Polygon","coordinates":[[[103.962812,1.340858],[103.962799,1.340858],[103.96279,1.340852],[103.962784,1.340837],[103.962781,1.340816],[103.962781,1.340783],[103.962783,1.340762],[103.962789,1.340747],[103.962798,1.340739],[103.962811,1.340739],[103.962819,1.340745],[103.962825,1.34076],[103.962829,1.340782],[103.962829,1.340814],[103.962827,1.340836],[103.962821,1.340851],[103.962812,1.340858]]]}},{"type":"Feature","properties":{"level":"2","level:ref":"3","indoor":"room"},"geometry":{"type":"Polygon","coordinates":[[[103.962915,1.340762],[103.962944,1.340812],[103.962992,1.340787],[103.962963,1.340737],[103.962915,1.340762]]]}},{"type":"Feature","properties":{"level":"2","level:ref":"3","indoor":"corridor"},"geometry":{"type":"Polygon","coordinates":[[[103.962826,1.340848],[103.962851,1.340847],[103.96285,1.340793],[103.962849,1.340754],[103.962824,1.340754],[103.962826,1.340848]]]}},{"type":"Feature","properties":{"level":"2","level:ref":"3","indoor":"room"},"geometry":{"type":"Polygon","coordinates":[[[103.962387,1.340819],[103.962387,1.340793],[103.96239,1.340776],[103.962397,1.340764],[103.962408,1.340759],[103.962424,1.340759],[103.962435,1.34076],[103.962442,1.340764],[103.962446,1.340769],[103.962446,1.340777],[103.962443,1.340787],[103.962435,1.340798],[103.962425,1.340812],[103.962409,1.340829],[103.962398,1.340836],[103.962391,1.340832],[103.962387,1.340819]]]}},{"type":"Feature","properties":{"level":"2","level:ref":"3","indoor":"corridor"},"geometry":{"type":"Polygon","coordinates":[[[103.962277,1.340762],[103.962276,1.340845],[103.962321,1.340846],[103.962322,1.340799],[103.962322,1.340763],[103.962277,1.340762]]]}},{"type":"Feature","properties":{"level":"2","level:ref":"3","indoor":"room"},"geometry":{"type":"Polygon","coordinates":[[[103.962632,1.340763],[103.962632,1.34085],[103.962715,1.34085],[103.962715,1.340763],[103.962632,1.340763]]]}},{"type":"Feature","properties":{"name":"Office of International Relations","level":"2","level:ref":"3","indoor":"room"},"geometry":{"type":"Polygon","coordinates":[[[103.963438,1.340819],[103.963435,1.340798],[103.963429,1.340761],[103.963398,1.340768],[103.963409,1.340824],[103.963438,1.340819]]]}},{"type":"Feature","properties":{"level":"2","level:ref":"3","indoor":"room"},"geometry":{"type":"Polygon","coordinates":[[[103.963314,1.340836],[103.963374,1.340829],[103.963364,1.340798],[103.963361,1.340786],[103.963313,1.340792],[103.963314,1.340836]]]}},{"type":"Feature","properties":{"level":"2","level:ref":"3","indoor":"corridor"},"geometry":{"type":"Polygon","coordinates":[[[103.963418,1.340857],[103.963348,1.340909],[103.963363,1.34093],[103.963433,1.340879],[103.963418,1.340857]]]}},{"type":"Feature","properties":{"level":"2","level:ref":"3","indoor":"room"},"geometry":{"type":"Polygon","coordinates":[[[103.962506,1.34155],[103.962546,1.341637],[103.962631,1.341597],[103.962591,1.341509],[103.962506,1.34155]]]}},{"type":"Feature","properties":{"level":"2","level:ref":"3","indoor":"room"},"geometry":{"type":"Polygon","coordinates":[[[103.962699,1.341778],[103.9627,1.341777],[103.962722,1.341762],[103.962734,1.341742],[103.962734,1.341721],[103.962722,1.341694],[103.962712,1.341678],[103.962707,1.341668],[103.962705,1.341655],[103.962709,1.341648],[103.962705,1.341636],[103.962696,1.341631],[103.962682,1.34163],[103.96266,1.341609],[103.962639,1.341601],[103.962614,1.34161],[103.9626,1.341615],[103.962591,1.341617],[103.962583,1.341621],[103.962579,1.341624],[103.962571,1.341625],[103.962562,1.34163],[103.962562,1.341648],[103.96257,1.341682],[103.962588,1.341731],[103.962617,1.341801],[103.962699,1.341778]]]}},{"type":"Feature","properties":{"ref":"1.302","name":"Engineering Product and Development (EPD) office","level":"2","level:ref":"3","indoor":"room"},"geometry":{"type":"Polygon","coordinates":[[[103.96293,1.339933],[103.962589,1.339972],[103.962599,1.340057],[103.962614,1.34018],[103.962954,1.340141],[103.96293,1.339933]]]}},{"type":"Feature","properties":{"ref":"1.304","name":"Graduate Studies Cluster 1","level":"2","level:ref":"3","indoor":"room"},"geometry":{"type":"Polygon","coordinates":[[[103.962233,1.340015],[103.962144,1.340024],[103.962075,1.340029],[103.962031,1.340032],[103.962015,1.340032],[103.961968,1.340033],[103.961926,1.340031],[103.961899,1.340025],[103.961884,1.340016],[103.96188,1.340002],[103.961888,1.339983],[103.961919,1.339971],[103.961979,1.339963],[103.962063,1.33996],[103.962185,1.339961],[103.962268,1.339965],[103.962324,1.33997],[103.962351,1.339978],[103.962352,1.339989],[103.962333,1.339998],[103.962318,1.340001],[103.962293,1.340007],[103.962233,1.340015]]]}},{"type":"Feature","properties":{"ref":"1.308","name":"Think Tank 1","level":"2","level:ref":"3","indoor":"room"},"geometry":{"type":"Polygon","coordinates":[[[103.962254,1.340013],[103.962278,1.340012],[103.962295,1.340017],[103.962307,1.34003],[103.962314,1.34005],[103.962316,1.34008],[103.962313,1.3401],[103.962303,1.340115],[103.962288,1.340123],[103.962264,1.340125],[103.962255,1.340122],[103.962248,1.340119],[103.962235,1.340106],[103.962228,1.340086],[103.962225,1.340056],[103.962228,1.340036],[103.962238,1.340021],[103.962254,1.340013]]]}},{"type":"Feature","properties":{"ref":"1.309","name":"Think Tank 2 (Wee Hur)","level":"2","level:ref":"3","indoor":"room"},"geometry":{"type":"Polygon","coordinates":[[[103.962181,1.340133],[103.962173,1.340134],[103.962145,1.340138],[103.962137,1.340139],[103.962107,1.340136],[103.962101,1.340133],[103.962085,1.340125],[103.962073,1.340107],[103.962068,1.340077],[103.962074,1.340056],[103.962093,1.34004],[103.962122,1.34003],[103.962166,1.340024],[103.962197,1.340026],[103.96222,1.340037],[103.962232,1.340056],[103.962235,1.340085],[103.962228,1.340107],[103.962215,1.340118],[103.96221,1.340123],[103.962181,1.340133]]]}},{"type":"Feature","properties":{"ref":"1.310","name":"Think Tank 3","level":"2","level:ref":"3","indoor":"room"},"geometry":{"type":"Polygon","coordinates":[[[103.962021,1.34004],[103.962045,1.340039],[103.962062,1.340044],[103.962065,1.340056],[103.962068,1.340078],[103.962073,1.340107],[103.962072,1.340128],[103.962071,1.340142],[103.962055,1.34015],[103.962032,1.340152],[103.962023,1.340149],[103.962015,1.340146],[103.962003,1.340133],[103.961996,1.340113],[103.961993,1.340083],[103.961996,1.340063],[103.962006,1.340048],[103.962021,1.34004]]]}},{"type":"Feature","properties":{"ref":"1.311","level":"2","level:ref":"3","indoor":"room"},"geometry":{"type":"Polygon","coordinates":[[[103.961985,1.340074],[103.96199,1.340106],[103.96199,1.340128],[103.961987,1.340144],[103.961979,1.340152],[103.961966,1.340154],[103.961956,1.340148],[103.961948,1.340134],[103.961942,1.340112],[103.961937,1.34008],[103.961937,1.340058],[103.96194,1.340042],[103.961948,1.340034],[103.961961,1.340032],[103.961971,1.340038],[103.961979,1.340052],[103.961985,1.340074]]]}},{"type":"Feature","properties":{"ref":"1.312","name":"Think Tank 4","level":"2","level:ref":"3","indoor":"room"},"geometry":{"type":"Polygon","coordinates":[[[103.961914,1.340221],[103.961945,1.340219],[103.961962,1.340203],[103.961963,1.340174],[103.961956,1.340148],[103.961913,1.340138],[103.961877,1.340136],[103.961859,1.340154],[103.961858,1.340184],[103.961872,1.340208],[103.961895,1.34022],[103.961914,1.340221]]]}},{"type":"Feature","properties":{"ref":"1.313","name":"Think Tank 5","level":"2","level:ref":"3","indoor":"room"},"geometry":{"type":"Polygon","coordinates":[[[103.961901,1.340298],[103.961932,1.340297],[103.961949,1.34028],[103.961949,1.340251],[103.961942,1.340226],[103.9619,1.340215],[103.961864,1.340213],[103.961845,1.340232],[103.961845,1.340262],[103.961858,1.340286],[103.961881,1.340297],[103.961901,1.340298]]]}},{"type":"Feature","properties":{"ref":"1.314","name":"Cohort Class 1","level":"2","level:ref":"3","indoor":"room"},"geometry":{"type":"Polygon","coordinates":[[[103.961858,1.34032],[103.961906,1.340328],[103.961938,1.340338],[103.961943,1.340343],[103.961957,1.340354],[103.961964,1.340374],[103.961959,1.340401],[103.961944,1.340417],[103.961919,1.340425],[103.961913,1.340426],[103.961884,1.340425],[103.961834,1.340416],[103.961802,1.340405],[103.961782,1.340389],[103.961776,1.34037],[103.961783,1.340344],[103.961798,1.340329],[103.961818,1.340322],[103.961824,1.34032],[103.961858,1.34032]]]}},{"type":"Feature","properties":{"ref":"1.315","name":"Cohort Classroom 2","level":"2","level:ref":"3","indoor":"room"},"geometry":{"type":"Polygon","coordinates":[[[103.962108,1.340401],[103.962105,1.340429],[103.962093,1.340445],[103.962069,1.340454],[103.962037,1.340454],[103.96199,1.340445],[103.96196,1.340434],[103.961941,1.340418],[103.961935,1.340399],[103.961941,1.340374],[103.961946,1.340356],[103.961951,1.340344],[103.961956,1.340338],[103.961962,1.340337],[103.961966,1.340337],[103.961974,1.340337],[103.961994,1.34034],[103.962021,1.340345],[103.96206,1.340353],[103.962083,1.340363],[103.962085,1.340364],[103.962102,1.340381],[103.962108,1.340401]]]}},{"type":"Feature","properties":{"ref":"1.318","name":"Lecture Theatre 2","level":"2","level:ref":"3","indoor":"room"},"geometry":{"type":"Polygon","coordinates":[[[103.96238,1.340348],[103.962381,1.340351],[103.962383,1.340351],[103.962385,1.340348],[103.962388,1.340343],[103.962393,1.340339],[103.962399,1.340337],[103.962407,1.340335],[103.962417,1.340335],[103.962424,1.340337],[103.962431,1.340339],[103.962435,1.340342],[103.962438,1.340348],[103.962441,1.34035],[103.962442,1.34035],[103.962443,1.340348],[103.962443,1.340342],[103.962444,1.34034],[103.962445,1.340339],[103.96245,1.340336],[103.962456,1.340335],[103.962466,1.340335],[103.962473,1.340324],[103.962478,1.340301],[103.962479,1.340267],[103.962479,1.340216],[103.962471,1.340182],[103.962454,1.340158],[103.962429,1.340147],[103.962392,1.340146],[103.962368,1.340157],[103.962351,1.34018],[103.962343,1.340215],[103.962343,1.340267],[103.962345,1.340301],[103.96235,1.340325],[103.962356,1.340335],[103.962361,1.340337],[103.962371,1.340339],[103.962382,1.340338],[103.962382,1.340346],[103.96238,1.340346],[103.96238,1.340348]]]}},{"type":"Feature","properties":{"ref":"2.301","name":"AI Mega Centre","level":"2","level:ref":"3","indoor":"room"},"geometry":{"type":"Polygon","coordinates":[[[103.962946,1.340888],[103.962956,1.34131],[103.963088,1.341307],[103.963077,1.340885],[103.963005,1.340886],[103.962946,1.340888]]]}},{"type":"Feature","properties":{"ref":"2.301","name":"Asia & Pacific OTIC in Singapore","level":"2","level:ref":"3","indoor":"room"},"geometry":{"type":"Polygon","coordinates":[[[103.962878,1.341303],[103.962819,1.341293],[103.96278,1.34128],[103.962756,1.34126],[103.962705,1.341242],[103.962697,1.341198],[103.962701,1.341149],[103.962714,1.341146],[103.962724,1.341152],[103.962723,1.341229],[103.962799,1.341251],[103.962842,1.341255],[103.962898,1.341266],[103.962932,1.341271],[103.962951,1.341273],[103.962946,1.341284],[103.962947,1.341303],[103.962919,1.341306],[103.962878,1.341303]]]}},{"type":"Feature","properties":{"ref":"2.301.09","name":"MARVL","level":"2","level:ref":"3","indoor":"room"},"geometry":{"type":"Polygon","coordinates":[[[103.962751,1.34116],[103.962765,1.341162],[103.962774,1.341167],[103.962779,1.341175],[103.962781,1.341185],[103.962778,1.3412],[103.962773,1.341209],[103.962766,1.341214],[103.962755,1.341216],[103.96274,1.341213],[103.962731,1.341208],[103.962726,1.3412],[103.962724,1.34119],[103.962727,1.341176],[103.962733,1.341166],[103.96274,1.341161],[103.962751,1.34116]]]}},{"type":"Feature","properties":{"ref":"2.302","name":"Auditorium","level":"2","level:ref":"3","indoor":"room"},"geometry":{"type":"Polygon","coordinates":[[[103.962868,1.341087],[103.962875,1.341082],[103.962884,1.341081],[103.962886,1.341073],[103.962887,1.341044],[103.962881,1.341041],[103.962877,1.341033],[103.962875,1.341023],[103.962875,1.341012],[103.962875,1.341007],[103.962877,1.340996],[103.96288,1.340989],[103.962884,1.340986],[103.962891,1.340986],[103.962895,1.34098],[103.962894,1.340967],[103.962891,1.340948],[103.962883,1.34092],[103.96287,1.340901],[103.96285,1.340888],[103.962823,1.340883],[103.962785,1.340883],[103.962762,1.340884],[103.962758,1.340892],[103.962765,1.340907],[103.962768,1.340935],[103.962768,1.340975],[103.962766,1.341034],[103.96277,1.341075],[103.962771,1.341078],[103.962853,1.34109],[103.962868,1.341087]]]}},{"type":"Feature","properties":{"ref":"2.303","name":"Hobby Shop","level":"2","level:ref":"3","indoor":"room"},"geometry":{"type":"Polygon","coordinates":[[[103.962741,1.340758],[103.962717,1.340758],[103.962719,1.340798],[103.962743,1.340817],[103.962741,1.340758]]]}},{"type":"Feature","properties":{"ref":"2.304","name":"Think Tank 19","level":"2","level:ref":"3","indoor":"room"},"geometry":{"type":"Polygon","coordinates":[[[103.962621,1.340858],[103.962621,1.34075],[103.962542,1.34075],[103.962542,1.340857],[103.962558,1.340857],[103.962621,1.340858]]]}},{"type":"Feature","properties":{"ref":"2.305","name":"Think Tank 20","level":"2","level:ref":"3","indoor":"room"},"geometry":{"type":"Polygon","coordinates":[[[103.962463,1.340747],[103.962465,1.340858],[103.962535,1.340857],[103.962544,1.340857],[103.962543,1.340746],[103.962463,1.340747]]]}},{"type":"Feature","properties":{"ref":"2.306","name":"Studio 7","level":"2","level:ref":"3","indoor":"room"},"geometry":{"type":"Polygon","coordinates":[[[103.962484,1.34106],[103.96249,1.3409],[103.96249,1.340879],[103.962353,1.340875],[103.962353,1.34089],[103.962347,1.341056],[103.962484,1.34106]]]}},{"type":"Feature","properties":{"ref":"2.307","name":"Cohort Classroom 9","level":"2","level:ref":"3","indoor":"room"},"geometry":{"type":"Polygon","coordinates":[[[103.962108,1.340777],[103.962098,1.340807],[103.962083,1.340826],[103.962061,1.340837],[103.962032,1.340841],[103.961993,1.340836],[103.961967,1.340827],[103.961948,1.340812],[103.961939,1.340792],[103.961939,1.340765],[103.961949,1.340747],[103.961971,1.340735],[103.961977,1.340735],[103.962005,1.340731],[103.962055,1.340733],[103.962085,1.340741],[103.962086,1.340741],[103.962105,1.340756],[103.962108,1.340777]]]}},{"type":"Feature","properties":{"ref":"2.308","name":"Cohort Classroom 10","level":"2","level:ref":"3","indoor":"room"},"geometry":{"type":"Polygon","coordinates":[[[103.961949,1.340743],[103.961952,1.340779],[103.961946,1.340803],[103.96193,1.340819],[103.961905,1.340825],[103.961867,1.340824],[103.96184,1.340818],[103.961821,1.340806],[103.96181,1.34079],[103.961806,1.340766],[103.961805,1.340748],[103.961807,1.340731],[103.961811,1.340718],[103.961819,1.340706],[103.961831,1.340698],[103.961849,1.340693],[103.961871,1.340691],[103.961903,1.340693],[103.961924,1.340701],[103.96194,1.340718],[103.961949,1.340743]]]}},{"type":"Feature","properties":{"ref":"2.310","name":"Think Tank 21 (Kwan Im Thong Hood Cho Temple)","level":"2","level:ref":"3","indoor":"room"},"geometry":{"type":"Polygon","coordinates":[[[103.961877,1.340973],[103.961973,1.340954],[103.961982,1.340952],[103.961962,1.34084],[103.961856,1.34086],[103.961876,1.340967],[103.961877,1.340973]]]}},{"type":"Feature","properties":{"ref":"2.311","name":"Think Tank 22","level":"2","level:ref":"3","indoor":"room"},"geometry":{"type":"Polygon","coordinates":[[[103.961912,1.340962],[103.961942,1.340957],[103.961964,1.340958],[103.961981,1.340967],[103.961992,1.340982],[103.961999,1.341006],[103.961996,1.341023],[103.961983,1.341037],[103.961961,1.341047],[103.961926,1.341052],[103.961901,1.341051],[103.961884,1.341043],[103.961876,1.341027],[103.961874,1.341003],[103.961879,1.340985],[103.961892,1.340971],[103.961912,1.340962]]]}},{"type":"Feature","properties":{"ref":"2.311A","name":"Root Cove","level":"2","level:ref":"3","indoor":"room"},"geometry":{"type":"Polygon","coordinates":[[[103.961876,1.341102],[103.961875,1.341079],[103.961884,1.341063],[103.961903,1.341052],[103.961931,1.341045],[103.961973,1.341043],[103.962,1.341048],[103.962003,1.341051],[103.962017,1.341062],[103.962022,1.341083],[103.962017,1.341114],[103.962006,1.341134],[103.961986,1.341146],[103.961961,1.341148],[103.961925,1.341142],[103.961901,1.341133],[103.961884,1.341119],[103.961876,1.341102]]]}},{"type":"Feature","properties":{"ref":"2.312","name":"Tech Office","level":"2","level:ref":"3","indoor":"room"},"geometry":{"type":"Polygon","coordinates":[[[103.962188,1.34107],[103.962186,1.341079],[103.962183,1.341084],[103.962177,1.341087],[103.96217,1.341087],[103.962159,1.341085],[103.962152,1.341082],[103.962148,1.341077],[103.962147,1.341071],[103.962149,1.341063],[103.962152,1.341058],[103.962158,1.341055],[103.962165,1.341054],[103.962176,1.341056],[103.962183,1.341059],[103.962187,1.341064],[103.962188,1.34107]]]}},{"type":"Feature","properties":{"ref":"2.313A","name":"DS-01","level":"2","level:ref":"3","indoor":"room"},"geometry":{"type":"Polygon","coordinates":[[[103.962171,1.341129],[103.962176,1.341099],[103.962194,1.341082],[103.962227,1.341073],[103.962274,1.341073],[103.962302,1.341095],[103.962297,1.341122],[103.96228,1.341153],[103.962256,1.341182],[103.962211,1.341169],[103.962182,1.341151],[103.962171,1.341129]]]}},{"type":"Feature","properties":{"ref":"2.313B","name":"DS-02","level":"2","level:ref":"3","indoor":"room"},"geometry":{"type":"Polygon","coordinates":[[[103.962286,1.341158],[103.962305,1.341128],[103.962315,1.341091],[103.962328,1.341091],[103.962375,1.341091],[103.962403,1.341113],[103.962398,1.341141],[103.962381,1.341171],[103.962357,1.341201],[103.962312,1.341187],[103.962283,1.341169],[103.962286,1.341158]]]}},{"type":"Feature","properties":{"ref":"2.314","name":"DS-03","level":"2","level:ref":"3","indoor":"room"},"geometry":{"type":"Polygon","coordinates":[[[103.962553,1.341119],[103.962481,1.341109],[103.96241,1.341099],[103.962394,1.341205],[103.962537,1.341225],[103.962553,1.341119]]]}},{"type":"Feature","properties":{"ref":"2.316","level":"2","level:ref":"3","indoor":"room"},"geometry":{"type":"Polygon","coordinates":[[[103.962772,1.34124],[103.962953,1.34127],[103.962965,1.341197],[103.962831,1.341175],[103.962784,1.341167],[103.962772,1.34124]]]}},{"type":"Feature","properties":{"ref":"3.301","name":"Innovation and Enterprise","level":"2","level:ref":"3","indoor":"room"},"geometry":{"type":"Polygon","coordinates":[[[103.963248,1.340808],[103.963265,1.340795],[103.963295,1.340772],[103.963273,1.340748],[103.963238,1.340792],[103.963248,1.340808]]]}},{"type":"Feature","properties":{"ref":"5.301","name":"Alumini Office / Lounge","level":"2","level:ref":"3","indoor":"room"},"geometry":{"type":"Polygon","coordinates":[[[103.962497,1.341538],[103.962667,1.341472],[103.962645,1.341418],[103.962637,1.3414],[103.962467,1.341465],[103.962497,1.341538]]]}},{"type":"Feature","properties":{"ref":"5.302","name":"Training Room","level":"2","level:ref":"3","indoor":"room"},"geometry":{"type":"Polygon","coordinates":[[[103.962683,1.34149],[103.962694,1.341506],[103.962738,1.341594],[103.962733,1.341606],[103.96272,1.341618],[103.962698,1.34163],[103.962635,1.341571],[103.962625,1.341555],[103.962614,1.341543],[103.962604,1.341522],[103.962602,1.341507],[103.962607,1.341494],[103.962619,1.341485],[103.96264,1.341478],[103.962656,1.341477],[103.962671,1.341481],[103.962679,1.341487],[103.962683,1.34149]]]}},{"type":"Feature","properties":{"ref":"5.303","name":"Office Undergraduate Studies","level":"2","level:ref":"3","indoor":"room"},"geometry":{"type":"Polygon","coordinates":[[[103.962832,1.341707],[103.962855,1.341758],[103.962784,1.341788],[103.962774,1.341772],[103.962763,1.34176],[103.962753,1.341739],[103.962751,1.341724],[103.962757,1.341711],[103.962769,1.341702],[103.962789,1.341695],[103.962806,1.341694],[103.96282,1.341698],[103.962828,1.341704],[103.962832,1.341707]]]}},{"type":"Feature","properties":{"ref":"5.303","name":"Career Development Centre","level":"2","level:ref":"3","indoor":"room"},"geometry":{"type":"Polygon","coordinates":[[[103.96279,1.341624],[103.962813,1.341675],[103.962742,1.341705],[103.962732,1.341688],[103.962721,1.341677],[103.962711,1.341656],[103.962709,1.341641],[103.962714,1.341628],[103.962726,1.341619],[103.962747,1.341612],[103.962763,1.341611],[103.962778,1.341615],[103.962786,1.341621],[103.96279,1.341624]]]}},{"type":"Feature","properties":{"kind":"lift","name":"Lift Lobby C","level":"3","level:ref":"4"},"geometry":{"type":"Point","coordinates":[103.96231,1.340464]}},{"type":"Feature","properties":{"kind":"lift","name":"Lift Lobby E","level":"3","level:ref":"4"},"geometry":{"type":"Point","coordinates":[103.96284,1.340789]}},{"type":"Feature","properties":{"kind":"lift","name":"Lift Lobby F","level":"3","level:ref":"4"},"geometry":{"type":"Point","coordinates":[103.962304,1.340805]}},{"type":"Feature","properties":{"kind":"lift","name":"Lift Lobby A","level":"3","level:ref":"4"},"geometry":{"type":"Point","coordinates":[103.962881,1.340211]}},{"type":"Feature","properties":{"level":"3","level:ref":"4","indoor":"corridor"},"geometry":{"type":"Polygon","coordinates":[[[103.962855,1.340142],[103.962864,1.340141],[103.962871,1.340148],[103.962878,1.340165],[103.962883,1.34019],[103.962887,1.340227],[103.962889,1.340253],[103.962886,1.340271],[103.962881,1.34028],[103.962872,1.340281],[103.962865,1.340274],[103.962858,1.340257],[103.962853,1.340232],[103.962849,1.340194],[103.962847,1.340169],[103.96285,1.340151],[103.962855,1.340142]]]}},{"type":"Feature","properties":{"level":"3","level:ref":"4","indoor":"room"},"geometry":{"type":"Polygon","coordinates":[[[103.962187,1.340486],[103.962187,1.340469],[103.962186,1.340459],[103.962183,1.340452],[103.962178,1.34045],[103.96217,1.340452],[103.962163,1.340449],[103.962156,1.340439],[103.96215,1.340425],[103.962142,1.340402],[103.962147,1.340389],[103.962164,1.340383],[103.962191,1.340384],[103.962234,1.340392],[103.962262,1.340405],[103.962279,1.340424],[103.962284,1.340447],[103.962278,1.34048],[103.962269,1.3405],[103.962256,1.340513],[103.962239,1.340518],[103.962216,1.340514],[103.962201,1.340508],[103.962191,1.340498],[103.962187,1.340486]]]}},{"type":"Feature","properties":{"level":"3","level:ref":"4","indoor":"corridor"},"geometry":{"type":"Polygon","coordinates":[[[103.962318,1.340461],[103.962318,1.340495],[103.962315,1.340518],[103.962308,1.340532],[103.962298,1.340537],[103.962283,1.340534],[103.962274,1.340525],[103.96227,1.340508],[103.962271,1.340485],[103.962277,1.340451],[103.962283,1.340429],[103.96229,1.340415],[103.962297,1.340409],[103.962306,1.340411],[103.962312,1.34042],[103.962316,1.340437],[103.962318,1.340465],[103.962318,1.340461]]]}},{"type":"Feature","properties":{"level":"3","level:ref":"4","indoor":"corridor"},"geometry":{"type":"Polygon","coordinates":[[[103.962842,1.340861],[103.962834,1.340862],[103.962828,1.340854],[103.962824,1.340838],[103.962822,1.340814],[103.962821,1.340779],[103.962823,1.340755],[103.962826,1.340739],[103.962831,1.340731],[103.962839,1.340731],[103.962845,1.340739],[103.962849,1.340755],[103.962851,1.340779],[103.962851,1.340801],[103.962852,1.340814],[103.962851,1.340837],[103.962847,1.340854],[103.962842,1.340861]]]}},{"type":"Feature","properties":{"level":"3","level:ref":"4","indoor":"corridor"},"geometry":{"type":"Polygon","coordinates":[[[103.96231,1.34087],[103.962296,1.340869],[103.962287,1.340862],[103.96228,1.340846],[103.962277,1.340823],[103.962276,1.340789],[103.962281,1.340772],[103.962285,1.340764],[103.962294,1.340758],[103.962308,1.340758],[103.962318,1.340765],[103.96232,1.340771],[103.962328,1.34079],[103.962328,1.340805],[103.962329,1.340824],[103.962326,1.340847],[103.96232,1.340863],[103.96231,1.34087]]]}},{"type":"Feature","properties":{"level":"3","level:ref":"4","indoor":"room"},"geometry":{"type":"Polygon","coordinates":[[[103.962626,1.341817],[103.962795,1.341751],[103.962674,1.341472],[103.962504,1.341538],[103.962626,1.341817]]]}},{"type":"Feature","properties":{"ref":"1.401","name":"42SG","level":"3","level:ref":"4","indoor":"room"},"geometry":{"type":"Polygon","coordinates":[[[103.962976,1.340274],[103.962912,1.340285],[103.962493,1.340353],[103.96252,1.340513],[103.963003,1.340434],[103.962976,1.340274]]]}},{"type":"Feature","properties":{"ref":"1.402","name":"Humanities, Arts and Social Sciences (HASS) office","level":"3","level:ref":"4","indoor":"room"},"geometry":{"type":"Polygon","coordinates":[[[103.962924,1.339935],[103.962568,1.339979],[103.962592,1.34018],[103.962948,1.340137],[103.962924,1.339935]]]}},{"type":"Feature","properties":{"ref":"1.404B","name":"Sparks / Staff Lounge","level":"3","level:ref":"4","indoor":"room"},"geometry":{"type":"Polygon","coordinates":[[[103.962234,1.340025],[103.962146,1.340034],[103.962077,1.34004],[103.962017,1.340044],[103.961969,1.340046],[103.961927,1.340045],[103.961901,1.34004],[103.961889,1.34003],[103.96189,1.340015],[103.961906,1.339993],[103.961941,1.339978],[103.962001,1.339969],[103.962082,1.339965],[103.962197,1.339966],[103.962275,1.33997],[103.962328,1.339976],[103.962352,1.339984],[103.962352,1.339997],[103.962334,1.340007],[103.962293,1.340016],[103.962234,1.340025]]]}},{"type":"Feature","properties":{"ref":"1.407","name":"Capstone Conference Room 1","level":"3","level:ref":"4","indoor":"room"},"geometry":{"type":"Polygon","coordinates":[[[103.96231,1.340133],[103.962297,1.340135],[103.962287,1.340129],[103.962279,1.340114],[103.962272,1.34009],[103.962267,1.340055],[103.962266,1.340032],[103.962269,1.340016],[103.962276,1.340009],[103.962289,1.34001],[103.962299,1.340018],[103.962307,1.340033],[103.962314,1.340055],[103.96232,1.340087],[103.962321,1.340109],[103.962318,1.340125],[103.96231,1.340133]]]}},{"type":"Feature","properties":{"ref":"1.408","name":"Think Tank 6","level":"3","level:ref":"4","indoor":"room"},"geometry":{"type":"Polygon","coordinates":[[[103.962266,1.34006],[103.962271,1.340094],[103.96227,1.340117],[103.962262,1.340134],[103.962247,1.340143],[103.962225,1.340146],[103.962208,1.340141],[103.962196,1.340127],[103.962188,1.340105],[103.962183,1.340072],[103.962185,1.340048],[103.962193,1.340032],[103.962207,1.340022],[103.962229,1.340019],[103.962245,1.340025],[103.962257,1.340039],[103.962266,1.34006]]]}},{"type":"Feature","properties":{"ref":"1.409","name":"Think Tank 7","level":"3","level:ref":"4","indoor":"room"},"geometry":{"type":"Polygon","coordinates":[[[103.962028,1.340125],[103.962023,1.340091],[103.96203,1.340067],[103.96205,1.340048],[103.962081,1.340036],[103.962128,1.340029],[103.962161,1.340032],[103.962184,1.340045],[103.962198,1.340066],[103.962202,1.3401],[103.962195,1.340124],[103.962176,1.340143],[103.962172,1.340144],[103.962144,1.340155],[103.962122,1.340158],[103.962097,1.340162],[103.962064,1.340159],[103.962061,1.340157],[103.96204,1.340147],[103.962028,1.340125]]]}},{"type":"Feature","properties":{"ref":"1.410","name":"Think Tank 8","level":"3","level:ref":"4","indoor":"room"},"geometry":{"type":"Polygon","coordinates":[[[103.96198,1.34005],[103.961993,1.340165],[103.962039,1.34016],[103.962026,1.340046],[103.96198,1.34005]]]}},{"type":"Feature","properties":{"ref":"1.410A","name":"Capstone 11","level":"3","level:ref":"4","indoor":"room"},"geometry":{"type":"Polygon","coordinates":[[[103.961946,1.340153],[103.961919,1.340138],[103.961902,1.340125],[103.9619,1.340123],[103.961891,1.340111],[103.961887,1.340099],[103.96189,1.340086],[103.961897,1.340076],[103.96191,1.340068],[103.961928,1.340062],[103.961953,1.340058],[103.961971,1.340062],[103.961984,1.340075],[103.961993,1.340096],[103.961997,1.340129],[103.961998,1.340151],[103.961998,1.340166],[103.961995,1.340173],[103.961989,1.340173],[103.96198,1.34017],[103.96197,1.340166],[103.961965,1.340164],[103.961946,1.340153]]]}},{"type":"Feature","properties":{"ref":"1.411","name":"Capstone 1","level":"3","level:ref":"4","indoor":"room"},"geometry":{"type":"Polygon","coordinates":[[[103.961851,1.340216],[103.961955,1.340248],[103.961957,1.34024],[103.961978,1.340175],[103.961874,1.340143],[103.961853,1.340207],[103.961851,1.340216]]]}},{"type":"Feature","properties":{"ref":"1.412","name":"Capstone 2","level":"3","level:ref":"4","indoor":"room"},"geometry":{"type":"Polygon","coordinates":[[[103.96196,1.340248],[103.961855,1.340216],[103.961851,1.340232],[103.961833,1.340297],[103.961938,1.340329],[103.961956,1.340261],[103.96196,1.340248]]]}},{"type":"Feature","properties":{"ref":"1.413","name":"Cohort Classroom 3","level":"3","level:ref":"4","indoor":"room"},"geometry":{"type":"Polygon","coordinates":[[[103.961786,1.340377],[103.961794,1.340348],[103.961808,1.34033],[103.961831,1.34032],[103.961861,1.34032],[103.961904,1.340328],[103.96193,1.340343],[103.961946,1.340365],[103.961951,1.340394],[103.961943,1.340434],[103.96193,1.34046],[103.96191,1.340475],[103.961885,1.340479],[103.961849,1.340471],[103.961823,1.340464],[103.961804,1.340454],[103.961791,1.340445],[103.961785,1.340432],[103.961782,1.340418],[103.961782,1.340399],[103.961786,1.340377]]]}},{"type":"Feature","properties":{"ref":"1.414","name":"Cohort Classroom 4","level":"3","level:ref":"4","indoor":"room"},"geometry":{"type":"Polygon","coordinates":[[[103.961934,1.340434],[103.961943,1.340396],[103.961957,1.340372],[103.961981,1.340359],[103.962012,1.340359],[103.962056,1.34037],[103.962083,1.340385],[103.9621,1.340407],[103.962104,1.340434],[103.962097,1.340471],[103.962082,1.340494],[103.962058,1.340507],[103.962027,1.340508],[103.961983,1.340499],[103.961955,1.340484],[103.961938,1.340462],[103.961934,1.340434]]]}},{"type":"Feature","properties":{"ref":"1.415","name":"Think Tank 9","level":"3","level:ref":"4","indoor":"room"},"geometry":{"type":"Polygon","coordinates":[[[103.962408,1.340293],[103.962346,1.340292],[103.962347,1.340314],[103.962351,1.340401],[103.962407,1.340399],[103.962408,1.340322],[103.962408,1.340293]]]}},{"type":"Feature","properties":{"ref":"1.416","name":"Think Tank 10","level":"3","level:ref":"4","indoor":"room"},"geometry":{"type":"Polygon","coordinates":[[[103.962472,1.340292],[103.96241,1.340291],[103.962411,1.340313],[103.962414,1.3404],[103.962471,1.340398],[103.962472,1.340321],[103.962472,1.340292]]]}},{"type":"Feature","properties":{"ref":"1.417","name":"Graduate Studies Centre 7","level":"3","level:ref":"4","indoor":"room"},"geometry":{"type":"Polygon","coordinates":[[[103.962346,1.340132],[103.962346,1.340255],[103.962346,1.340288],[103.962473,1.340287],[103.962473,1.340251],[103.962473,1.340131],[103.962346,1.340132]]]}},{"type":"Feature","properties":{"ref":"2.400","name":"Aerial Arena","level":"3","level:ref":"4","indoor":"room"},"geometry":{"type":"Polygon","coordinates":[[[103.96289,1.340896],[103.962758,1.340893],[103.96251,1.340889],[103.962533,1.341098],[103.962887,1.341145],[103.96289,1.340896]]]}},{"type":"Feature","properties":{"ref":"2.401","name":"SUTD Academy","level":"3","level:ref":"4","indoor":"room"},"geometry":{"type":"Polygon","coordinates":[[[103.962941,1.340701],[103.962979,1.340715],[103.963007,1.340736],[103.96303,1.340769],[103.963046,1.340809],[103.963074,1.341001],[103.963073,1.34104],[103.963059,1.341067],[103.963034,1.341082],[103.962994,1.341086],[103.962965,1.341073],[103.962925,1.340904],[103.96291,1.340855],[103.962902,1.340782],[103.962903,1.340746],[103.962904,1.340735],[103.962917,1.340707],[103.962941,1.340701]]]}},{"type":"Feature","properties":{"ref":"2.402","name":"SUTD-CGH Joint Lab","level":"3","level:ref":"4","indoor":"room"},"geometry":{"type":"Polygon","coordinates":[[[103.962701,1.340872],[103.96267,1.340875],[103.962649,1.34087],[103.962635,1.340855],[103.962628,1.340831],[103.962627,1.340796],[103.962627,1.340771],[103.962629,1.340755],[103.962632,1.340747],[103.962636,1.340747],[103.962645,1.340753],[103.962659,1.340768],[103.962676,1.340787],[103.962679,1.34079],[103.962706,1.340823],[103.962717,1.340845],[103.962716,1.340862],[103.962701,1.340872]]]}},{"type":"Feature","properties":{"ref":"2.403","name":"Lecture Theatre 3","level":"3","level:ref":"4","indoor":"room"},"geometry":{"type":"Polygon","coordinates":[[[103.962512,1.340756],[103.96256,1.34075],[103.962592,1.340753],[103.962614,1.340767],[103.962625,1.340789],[103.962626,1.340824],[103.962617,1.340848],[103.962597,1.340865],[103.962568,1.340873],[103.962523,1.340875],[103.962499,1.34087],[103.962493,1.340869],[103.96247,1.340856],[103.962458,1.340836],[103.962453,1.340805],[103.962461,1.340783],[103.962481,1.340766],[103.962512,1.340756]]]}},{"type":"Feature","properties":{"ref":"2.404","name":"Lecture Theatre 4 (Hokkien Foundation)","level":"3","level:ref":"4","indoor":"room"},"geometry":{"type":"Polygon","coordinates":[[[103.962379,1.340888],[103.962416,1.340886],[103.962442,1.340893],[103.962459,1.340909],[103.962462,1.340911],[103.962472,1.340937],[103.962476,1.340977],[103.96247,1.341003],[103.962418,1.341014],[103.962378,1.341014],[103.96234,1.341005],[103.962331,1.340979],[103.96233,1.340942],[103.962337,1.340916],[103.962354,1.340898],[103.962379,1.340888]]]}},{"type":"Feature","properties":{"ref":"2.405","name":"Cohort Classroom 11","level":"3","level:ref":"4","indoor":"room"},"geometry":{"type":"Polygon","coordinates":[[[103.962102,1.340837],[103.962092,1.340847],[103.962089,1.340849],[103.962077,1.340854],[103.962055,1.340858],[103.962028,1.34086],[103.961991,1.340859],[103.961966,1.34085],[103.961965,1.340849],[103.961949,1.340833],[103.961942,1.340807],[103.961943,1.340769],[103.961954,1.340743],[103.961976,1.340726],[103.962008,1.340719],[103.962055,1.340721],[103.962086,1.340727],[103.962108,1.340741],[103.962117,1.340759],[103.962117,1.340786],[103.962114,1.340807],[103.962109,1.340824],[103.962102,1.340837]]]}},{"type":"Feature","properties":{"ref":"2.405-01","name":"Mini Think Tank 11","level":"3","level:ref":"4","indoor":"room"},"geometry":{"type":"Polygon","coordinates":[[[103.962083,1.340732],[103.962083,1.340759],[103.962121,1.340763],[103.962122,1.340748],[103.962123,1.340733],[103.962083,1.340732]]]}},{"type":"Feature","properties":{"ref":"2.406","name":"Cohort Classroom 12","level":"3","level:ref":"4","indoor":"room"},"geometry":{"type":"Polygon","coordinates":[[[103.961796,1.340736],[103.961805,1.340727],[103.961818,1.340722],[103.961838,1.340718],[103.961862,1.340717],[103.961895,1.340718],[103.961917,1.340726],[103.961932,1.340743],[103.961939,1.340768],[103.961938,1.340805],[103.96193,1.340829],[103.961913,1.340846],[103.961889,1.340853],[103.961854,1.340853],[103.961829,1.340846],[103.96181,1.340833],[103.961798,1.340814],[103.961792,1.340786],[103.961789,1.340765],[103.961791,1.340748],[103.961796,1.340736]]]}},{"type":"Feature","properties":{"ref":"2.408","name":"Capstone 7","level":"3","level:ref":"4","indoor":"room"},"geometry":{"type":"Polygon","coordinates":[[[103.961866,1.340968],[103.961976,1.340949],[103.961974,1.340937],[103.961961,1.340864],[103.96185,1.340884],[103.961866,1.340968]]]}},{"type":"Feature","properties":{"ref":"2.409","name":"Capstone 8","level":"3","level:ref":"4","indoor":"room"},"geometry":{"type":"Polygon","coordinates":[[[103.961956,1.341058],[103.961924,1.341061],[103.961901,1.341058],[103.961884,1.341048],[103.961873,1.341032],[103.961868,1.341008],[103.961872,1.34099],[103.961885,1.340976],[103.961907,1.340967],[103.961942,1.340961],[103.961966,1.340963],[103.961984,1.340973],[103.961986,1.340977],[103.961993,1.34099],[103.961995,1.341017],[103.96199,1.341036],[103.961977,1.34105],[103.961956,1.341058]]]}},{"type":"Feature","properties":{"ref":"2.409A","name":"Root Cove","level":"3","level:ref":"4","indoor":"room"},"geometry":{"type":"Polygon","coordinates":[[[103.961896,1.341149],[103.962003,1.34116],[103.962014,1.341054],[103.962006,1.341053],[103.961902,1.341068],[103.961896,1.341149]]]}},{"type":"Feature","properties":{"ref":"2.410","name":"Tech Office","level":"3","level:ref":"4","indoor":"room"},"geometry":{"type":"Polygon","coordinates":[[[103.962055,1.341098],[103.962062,1.341057],[103.962048,1.341055],[103.962025,1.341051],[103.962018,1.341091],[103.962055,1.341098]]]}},{"type":"Feature","properties":{"ref":"2.411","name":"Physics Lab","level":"3","level:ref":"4","indoor":"room"},"geometry":{"type":"Polygon","coordinates":[[[103.962207,1.341063],[103.962237,1.341068],[103.962252,1.341077],[103.962256,1.341079],[103.962268,1.341098],[103.962271,1.341123],[103.962266,1.341159],[103.962257,1.341181],[103.96224,1.341195],[103.962219,1.341199],[103.962189,1.341194],[103.962169,1.341183],[103.962158,1.341164],[103.962155,1.341139],[103.96216,1.341103],[103.96217,1.34108],[103.962185,1.341068],[103.962186,1.341066],[103.962207,1.341063]]]}},{"type":"Feature","properties":{"ref":"2.412","name":"Digital Systems Lab","level":"3","level:ref":"4","indoor":"room"},"geometry":{"type":"Polygon","coordinates":[[[103.962351,1.341214],[103.962315,1.341209],[103.962292,1.341198],[103.962277,1.341181],[103.962272,1.341157],[103.962276,1.341123],[103.962286,1.341102],[103.962304,1.341089],[103.962329,1.341085],[103.962365,1.341091],[103.962383,1.3411],[103.962388,1.341102],[103.962403,1.34112],[103.962408,1.341143],[103.962404,1.341177],[103.962394,1.341198],[103.962376,1.341211],[103.962351,1.341214]]]}},{"type":"Feature","properties":{"ref":"2.413","name":"Think Tank 23","level":"3","level:ref":"4","indoor":"room"},"geometry":{"type":"Polygon","coordinates":[[[103.962332,1.341055],[103.96233,1.341041],[103.962334,1.341036],[103.962338,1.341031],[103.962357,1.341025],[103.962385,1.341022],[103.962429,1.341022],[103.962457,1.341026],[103.962474,1.341036],[103.96248,1.341049],[103.962475,1.341069],[103.962465,1.341081],[103.962446,1.341087],[103.962437,1.341087],[103.96242,1.341088],[103.962384,1.341082],[103.962359,1.341075],[103.962341,1.341066],[103.962332,1.341055]]]}},{"type":"Feature","properties":{"ref":"2.414","name":"The Writing Centre","level":"3","level:ref":"4","indoor":"room"},"geometry":{"type":"Polygon","coordinates":[[[103.962453,1.341229],[103.962471,1.341112],[103.962456,1.341109],[103.962417,1.341103],[103.962399,1.34122],[103.962453,1.341229]]]}},{"type":"Feature","properties":{"ref":"2.415","name":"O Lab","level":"3","level:ref":"4","indoor":"room"},"geometry":{"type":"Polygon","coordinates":[[[103.962515,1.341241],[103.962491,1.341238],[103.962476,1.341228],[103.962467,1.341211],[103.962465,1.341188],[103.96247,1.341155],[103.962478,1.341133],[103.962491,1.341119],[103.962508,1.341114],[103.962531,1.341118],[103.962546,1.341128],[103.962554,1.341145],[103.962557,1.341168],[103.962553,1.341201],[103.962545,1.341223],[103.962532,1.341237],[103.962515,1.341241]]]}},{"type":"Feature","properties":{"ref":"2.417","name":"Aviation Studies Institute","level":"3","level:ref":"4","indoor":"room"},"geometry":{"type":"Polygon","coordinates":[[[103.963071,1.34134],[103.963095,1.341205],[103.962807,1.341149],[103.962804,1.341165],[103.962811,1.341163],[103.962829,1.341166],[103.96284,1.341173],[103.962846,1.341184],[103.962847,1.341199],[103.962843,1.34122],[103.962836,1.341234],[103.962826,1.341243],[103.962812,1.341245],[103.962794,1.341242],[103.962791,1.34124],[103.962783,1.341284],[103.963071,1.34134]]]}},{"type":"Feature","properties":{"ref":"2.417.13","name":"Meeting Room 14","level":"3","level:ref":"4","indoor":"room"},"geometry":{"type":"Polygon","coordinates":[[[103.962847,1.341199],[103.962843,1.34122],[103.962836,1.341234],[103.962826,1.341243],[103.962812,1.341245],[103.962794,1.341242],[103.962782,1.341236],[103.962776,1.341224],[103.962775,1.341209],[103.96278,1.341188],[103.962787,1.341174],[103.962797,1.341166],[103.962811,1.341163],[103.962829,1.341166],[103.96284,1.341173],[103.962846,1.341184],[103.962847,1.341199]]]}},{"type":"Feature","properties":{"ref":"5.401","name":"Student Activity Centre","level":"3","level:ref":"4","indoor":"room"},"geometry":{"type":"Polygon","coordinates":[[[103.962497,1.341538],[103.962667,1.341472],[103.962657,1.341447],[103.962645,1.341418],[103.962637,1.3414],[103.962467,1.341465],[103.962497,1.341538]]]}},{"type":"Feature","properties":{"kind":"lift","name":"Lift Lobby A","level":"4","level:ref":"5"},"geometry":{"type":"Point","coordinates":[103.962879,1.340208]}},{"type":"Feature","properties":{"kind":"lift","name":"Lift Lobby C","level":"4","level:ref":"5"},"geometry":{"type":"Point","coordinates":[103.962308,1.340458]}},{"type":"Feature","properties":{"kind":"lift","name":"Lift Lobby C","level":"4","level:ref":"5"},"geometry":{"type":"Point","coordinates":[103.962307,1.34047]}},{"type":"Feature","properties":{"kind":"lift","name":"Lift Lobby E","level":"4","level:ref":"5"},"geometry":{"type":"Point","coordinates":[103.962838,1.340787]}},{"type":"Feature","properties":{"kind":"lift","name":"Lift Lobby F","level":"4","level:ref":"5"},"geometry":{"type":"Point","coordinates":[103.962308,1.340805]}},{"type":"Feature","properties":{"level":"4","level:ref":"5","indoor":"corridor"},"geometry":{"type":"Polygon","coordinates":[[[103.96288,1.340148],[103.962898,1.340273],[103.962914,1.340271],[103.96293,1.340268],[103.962913,1.340143],[103.962897,1.340145],[103.96288,1.340148]]]}},{"type":"Feature","properties":{"level":"4","level:ref":"5","indoor":"corridor"},"geometry":{"type":"Polygon","coordinates":[[[103.962849,1.340149],[103.962864,1.340276],[103.9629,1.340272],[103.962892,1.340208],[103.962885,1.340145],[103.962849,1.340149]]]}},{"type":"Feature","properties":{"level":"4","level:ref":"5","indoor":"room"},"geometry":{"type":"Polygon","coordinates":[[[103.962434,1.340383],[103.962421,1.340386],[103.96242,1.340386],[103.96241,1.340385],[103.962404,1.340381],[103.9624,1.340373],[103.9624,1.34036],[103.962403,1.340351],[103.962412,1.340345],[103.962424,1.340342],[103.962443,1.340342],[103.962455,1.340345],[103.962462,1.340349],[103.962463,1.340356],[103.962459,1.340365],[103.962453,1.340373],[103.962445,1.340379],[103.962434,1.340383]]]}},{"type":"Feature","properties":{"level":"4","level:ref":"5","indoor":"room"},"geometry":{"type":"Polygon","coordinates":[[[103.962346,1.340381],[103.962342,1.340365],[103.962343,1.340354],[103.96235,1.340347],[103.962363,1.340344],[103.962383,1.340344],[103.962396,1.340346],[103.962405,1.340352],[103.962409,1.340361],[103.96241,1.340373],[103.962407,1.340383],[103.9624,1.34039],[103.962396,1.340392],[103.962389,1.340395],[103.962373,1.340399],[103.962361,1.340397],[103.962352,1.340391],[103.962346,1.340381]]]}},{"type":"Feature","properties":{"level":"4","level:ref":"5","indoor":"corridor"},"geometry":{"type":"Polygon","coordinates":[[[103.962268,1.340516],[103.962315,1.340525],[103.962325,1.340469],[103.962333,1.34042],[103.962286,1.340411],[103.962268,1.340516]]]}},{"type":"Feature","properties":{"level":"4","level:ref":"5","indoor":"corridor"},"geometry":{"type":"Polygon","coordinates":[[[103.962839,1.340864],[103.962831,1.340864],[103.962826,1.340857],[103.962822,1.340842],[103.962819,1.340819],[103.962818,1.340786],[103.962819,1.340763],[103.962822,1.340747],[103.962826,1.34074],[103.962834,1.34074],[103.962839,1.340747],[103.962843,1.340762],[103.962846,1.340785],[103.962846,1.340795],[103.962847,1.340818],[103.962847,1.340841],[103.962844,1.340857],[103.962839,1.340864]]]}},{"type":"Feature","properties":{"level":"4","level:ref":"5","indoor":"corridor"},"geometry":{"type":"Polygon","coordinates":[[[103.962289,1.340832],[103.962276,1.340813],[103.962276,1.340792],[103.962279,1.340768],[103.962285,1.340752],[103.962295,1.340745],[103.962308,1.340745],[103.962318,1.340753],[103.962324,1.340769],[103.962327,1.340793],[103.962327,1.340799],[103.962327,1.340828],[103.962311,1.340831],[103.962289,1.340832]]]}},{"type":"Feature","properties":{"ref":"1.502","name":"Information Systems Technology and Design (ISTD) office","level":"4","level:ref":"5","indoor":"room"},"geometry":{"type":"Polygon","coordinates":[[[103.962935,1.340158],[103.96289,1.340159],[103.962858,1.340156],[103.962835,1.340146],[103.96282,1.340132],[103.962814,1.340111],[103.962796,1.340099],[103.962765,1.340093],[103.962722,1.340094],[103.962662,1.340102],[103.96262,1.340105],[103.962592,1.340103],[103.962577,1.340096],[103.962576,1.340084],[103.962574,1.340079],[103.962565,1.340068],[103.962555,1.340062],[103.962541,1.340057],[103.962531,1.340048],[103.962524,1.340034],[103.962518,1.340016],[103.962515,1.339991],[103.962538,1.339972],[103.96259,1.339954],[103.962668,1.33994],[103.962785,1.339928],[103.962867,1.339933],[103.962927,1.339958],[103.962961,1.34],[103.962976,1.340067],[103.962976,1.340112],[103.962962,1.340143],[103.962935,1.340158]]]}},{"type":"Feature","properties":{"ref":"1.503","name":"Think Tank 11","level":"4","level:ref":"5","indoor":"room"},"geometry":{"type":"Polygon","coordinates":[[[103.962484,1.340226],[103.962414,1.340226],[103.962415,1.340281],[103.962486,1.340283],[103.962484,1.340251],[103.962484,1.340226]]]}},{"type":"Feature","properties":{"ref":"1.504","name":"iDer Studio","level":"4","level:ref":"5","indoor":"room"},"geometry":{"type":"Polygon","coordinates":[[[103.962411,1.340227],[103.96234,1.340223],[103.96234,1.340251],[103.96234,1.340291],[103.962413,1.340284],[103.962411,1.340227]]]}},{"type":"Feature","properties":{"ref":"1.505","name":"Pi lab","level":"4","level:ref":"5","indoor":"room"},"geometry":{"type":"Polygon","coordinates":[[[103.962425,1.34035],[103.962386,1.340349],[103.962359,1.340345],[103.962341,1.340337],[103.962335,1.340329],[103.962333,1.340326],[103.962333,1.340309],[103.962341,1.340297],[103.962359,1.340289],[103.962385,1.340285],[103.962425,1.340284],[103.962451,1.340288],[103.962469,1.340296],[103.962478,1.340308],[103.962478,1.340321],[103.962478,1.340326],[103.96247,1.340338],[103.962452,1.340346],[103.962425,1.34035]]]}},{"type":"Feature","properties":{"ref":"1.506","name":"Think Tank 12 (Sing Lun)","level":"4","level:ref":"5","indoor":"room"},"geometry":{"type":"Polygon","coordinates":[[[103.962394,1.340125],[103.962424,1.340124],[103.962445,1.340129],[103.96246,1.34014],[103.962467,1.340154],[103.962469,1.340158],[103.962473,1.340184],[103.962471,1.34019],[103.962467,1.340202],[103.96245,1.340214],[103.962423,1.340219],[103.962384,1.340219],[103.962358,1.340214],[103.962342,1.340202],[103.96234,1.340195],[103.962338,1.340185],[103.962344,1.34016],[103.962355,1.340143],[103.962372,1.340131],[103.962375,1.34013],[103.962394,1.340125]]]}},{"type":"Feature","properties":{"ref":"1.507","name":"Executive Conference Room","level":"4","level:ref":"5","indoor":"room"},"geometry":{"type":"Polygon","coordinates":[[[103.962254,1.340018],[103.962269,1.340136],[103.962283,1.340134],[103.962311,1.34013],[103.962296,1.340012],[103.962254,1.340018]]]}},{"type":"Feature","properties":{"ref":"1.508","name":"Think Tank 13 (Yangzheng Foundation)","level":"4","level:ref":"5","indoor":"room"},"geometry":{"type":"Polygon","coordinates":[[[103.962267,1.340129],[103.962248,1.340013],[103.962174,1.340025],[103.962193,1.34014],[103.962208,1.340138],[103.962256,1.34013],[103.962267,1.340129]]]}},{"type":"Feature","properties":{"ref":"1.509","name":"Think Tank 14","level":"4","level:ref":"5","indoor":"room"},"geometry":{"type":"Polygon","coordinates":[[[103.962036,1.340123],[103.962033,1.340089],[103.96204,1.340065],[103.962059,1.340047],[103.962087,1.340036],[103.962131,1.34003],[103.96216,1.340034],[103.962182,1.340047],[103.962193,1.340068],[103.962197,1.340102],[103.96219,1.340126],[103.962176,1.340139],[103.962171,1.340144],[103.962142,1.340155],[103.962131,1.340157],[103.962109,1.340159],[103.962099,1.340161],[103.962069,1.340157],[103.962059,1.340151],[103.962047,1.340144],[103.962036,1.340123]]]}},{"type":"Feature","properties":{"ref":"1.510","name":"Think Tank 15","level":"4","level:ref":"5","indoor":"room"},"geometry":{"type":"Polygon","coordinates":[[[103.962037,1.340089],[103.96204,1.340124],[103.962039,1.340148],[103.962035,1.340165],[103.962027,1.340173],[103.962014,1.340175],[103.962004,1.340169],[103.961997,1.340153],[103.961992,1.34013],[103.961989,1.340095],[103.961989,1.340071],[103.961994,1.340054],[103.962002,1.340046],[103.962015,1.340044],[103.962024,1.340051],[103.962032,1.340066],[103.962037,1.340089]]]}},{"type":"Feature","properties":{"ref":"1.510A","name":"f\u00f8rm axioms","level":"4","level:ref":"5","indoor":"room"},"geometry":{"type":"Polygon","coordinates":[[[103.961956,1.34016],[103.961923,1.340143],[103.961901,1.340129],[103.9619,1.340128],[103.961887,1.340115],[103.961882,1.340102],[103.961886,1.340087],[103.961894,1.340077],[103.961907,1.340068],[103.961926,1.340063],[103.961952,1.340059],[103.961971,1.340064],[103.961985,1.340078],[103.961993,1.340101],[103.961996,1.340135],[103.961992,1.340155],[103.961978,1.340164],[103.961965,1.340162],[103.961956,1.34016]]]}},{"type":"Feature","properties":{"ref":"1.511","name":"Capstone 3","level":"4","level:ref":"5","indoor":"room"},"geometry":{"type":"Polygon","coordinates":[[[103.961976,1.340208],[103.961972,1.340227],[103.961969,1.340234],[103.961963,1.340238],[103.961947,1.340242],[103.961925,1.34024],[103.961894,1.34023],[103.961875,1.340219],[103.961864,1.340204],[103.961864,1.340195],[103.961861,1.340187],[103.961868,1.340164],[103.961878,1.340151],[103.961894,1.340147],[103.961914,1.340151],[103.961943,1.340164],[103.961961,1.340178],[103.961972,1.340193],[103.961976,1.340208]]]}},{"type":"Feature","properties":{"ref":"1.512","name":"Capstone 4","level":"4","level:ref":"5","indoor":"room"},"geometry":{"type":"Polygon","coordinates":[[[103.961956,1.340247],[103.961846,1.340215],[103.961843,1.340227],[103.961823,1.340294],[103.961932,1.340327],[103.961951,1.340261],[103.961956,1.340247]]]}},{"type":"Feature","properties":{"ref":"1.513","name":"Cohort Classroom 5","level":"4","level:ref":"5","indoor":"room"},"geometry":{"type":"Polygon","coordinates":[[[103.961787,1.340382],[103.961794,1.340352],[103.961808,1.340334],[103.961818,1.340326],[103.961831,1.340324],[103.961861,1.340323],[103.961903,1.340332],[103.96193,1.340346],[103.961939,1.340353],[103.961946,1.340368],[103.96195,1.340398],[103.961943,1.340439],[103.961931,1.340465],[103.961911,1.34048],[103.961886,1.340484],[103.96185,1.340477],[103.961825,1.340469],[103.961805,1.340461],[103.961793,1.340451],[103.961786,1.340438],[103.961783,1.340424],[103.961783,1.340404],[103.961787,1.340382]]]}},{"type":"Feature","properties":{"ref":"1.514","name":"Cohort Classroom 6","level":"4","level:ref":"5","indoor":"room"},"geometry":{"type":"Polygon","coordinates":[[[103.961938,1.34043],[103.961945,1.340389],[103.961958,1.340364],[103.96197,1.340358],[103.961981,1.34035],[103.962011,1.340348],[103.962053,1.340359],[103.96208,1.340374],[103.962089,1.34038],[103.962097,1.340397],[103.962102,1.340425],[103.962096,1.340464],[103.962082,1.340488],[103.96206,1.340502],[103.962029,1.340505],[103.961986,1.340496],[103.961959,1.340482],[103.961942,1.340459],[103.961938,1.34043]]]}},{"type":"Feature","properties":{"ref":"1.517","name":"Wellbeing Services","level":"4","level:ref":"5","indoor":"room"},"geometry":{"type":"Polygon","coordinates":[[[103.962461,1.340452],[103.962537,1.340441],[103.962529,1.340387],[103.962508,1.340389],[103.962453,1.340398],[103.962461,1.340452]]]}},{"type":"Feature","properties":{"ref":"1.518","name":"Group Room","level":"4","level:ref":"5","indoor":"room"},"geometry":{"type":"Polygon","coordinates":[[[103.962594,1.34044],[103.962458,1.340466],[103.962469,1.340516],[103.962555,1.340499],[103.962604,1.34049],[103.962594,1.34044]]]}},{"type":"Feature","properties":{"ref":"1.519","name":"Photo and Video Lab","level":"4","level:ref":"5","indoor":"room"},"geometry":{"type":"Polygon","coordinates":[[[103.962673,1.340429],[103.962593,1.340439],[103.962599,1.340484],[103.962644,1.340478],[103.962679,1.340473],[103.962673,1.340429]]]}},{"type":"Feature","properties":{"ref":"1.521","name":"Studio 1","level":"4","level:ref":"5","indoor":"room"},"geometry":{"type":"Polygon","coordinates":[[[103.962845,1.34047],[103.962766,1.340484],[103.962718,1.340484],[103.962693,1.340471],[103.962693,1.340445],[103.962704,1.340424],[103.962719,1.340403],[103.96275,1.340372],[103.962794,1.340348],[103.962796,1.340347],[103.962846,1.340332],[103.962916,1.340322],[103.962963,1.340318],[103.962982,1.340319],[103.962996,1.34032],[103.963012,1.340327],[103.963014,1.340342],[103.963014,1.340356],[103.963012,1.34037],[103.963008,1.340386],[103.963002,1.340403],[103.962996,1.340417],[103.962987,1.340428],[103.962979,1.340436],[103.962967,1.340443],[103.962943,1.34045],[103.962901,1.340459],[103.962845,1.34047]]]}},{"type":"Feature","properties":{"ref":"2.501","name":"Office of Campus Infrastructure and Facilities","level":"4","level:ref":"5","indoor":"room"},"geometry":{"type":"Polygon","coordinates":[[[103.962903,1.340715],[103.96293,1.340939],[103.963061,1.340923],[103.963034,1.3407],[103.962903,1.340715]]]}},{"type":"Feature","properties":{"ref":"2.502","name":"Fablab Satellite 4","level":"4","level:ref":"5","indoor":"room"},"geometry":{"type":"Polygon","coordinates":[[[103.962693,1.34087],[103.962663,1.340874],[103.962642,1.340868],[103.962628,1.340853],[103.962621,1.340829],[103.96262,1.340793],[103.962621,1.340769],[103.962623,1.340752],[103.962625,1.340744],[103.96263,1.340744],[103.962638,1.340751],[103.962653,1.340766],[103.962672,1.340788],[103.962673,1.340789],[103.962698,1.340821],[103.96271,1.340844],[103.962708,1.340861],[103.962693,1.34087]]]}},{"type":"Feature","properties":{"ref":"2.503","name":"Think Tank 24","level":"4","level:ref":"5","indoor":"room"},"geometry":{"type":"Polygon","coordinates":[[[103.962589,1.34087],[103.962568,1.340871],[103.962559,1.340867],[103.962553,1.340864],[103.962543,1.34085],[103.962538,1.340828],[103.962538,1.340797],[103.962542,1.340775],[103.962551,1.34076],[103.962561,1.340755],[103.962566,1.340753],[103.962587,1.340753],[103.962602,1.340759],[103.962612,1.340774],[103.962616,1.340795],[103.962617,1.340827],[103.962613,1.340848],[103.962603,1.340863],[103.962589,1.34087]]]}},{"type":"Feature","properties":{"ref":"2.504","name":"Think Tank 25 (AC Toh)","level":"4","level:ref":"5","indoor":"room"},"geometry":{"type":"Polygon","coordinates":[[[103.962485,1.340751],[103.962505,1.34075],[103.962514,1.340755],[103.962519,1.340757],[103.962529,1.340772],[103.962535,1.340795],[103.962536,1.340829],[103.962532,1.340851],[103.962521,1.340866],[103.962519,1.340866],[103.962505,1.340871],[103.962481,1.340869],[103.962465,1.340861],[103.962455,1.340846],[103.962451,1.340825],[103.962454,1.340794],[103.96246,1.340773],[103.96247,1.340758],[103.962485,1.340751]]]}},{"type":"Feature","properties":{"ref":"2.505","name":"Lecture Theatre 5","level":"4","level:ref":"5","indoor":"room"},"geometry":{"type":"Polygon","coordinates":[[[103.962342,1.340889],[103.962343,1.341025],[103.962473,1.341024],[103.962473,1.340896],[103.962472,1.340888],[103.962353,1.340889],[103.962342,1.340889]]]}},{"type":"Feature","properties":{"ref":"2.506","name":"Cohort Classroom 13","level":"4","level:ref":"5","indoor":"room"},"geometry":{"type":"Polygon","coordinates":[[[103.961953,1.340714],[103.961952,1.34085],[103.962104,1.340852],[103.962104,1.340833],[103.962106,1.340716],[103.961953,1.340714]]]}},{"type":"Feature","properties":{"ref":"2.506-01","name":"Mini Think Tank 13","level":"4","level:ref":"5","indoor":"room"},"geometry":{"type":"Polygon","coordinates":[[[103.962065,1.340716],[103.96206,1.340759],[103.962105,1.340757],[103.962105,1.340716],[103.962065,1.340716]]]}},{"type":"Feature","properties":{"ref":"2.507","name":"Cohort Classroom 14","level":"4","level:ref":"5","indoor":"room"},"geometry":{"type":"Polygon","coordinates":[[[103.961808,1.340728],[103.961818,1.340718],[103.961831,1.340712],[103.96185,1.340709],[103.961875,1.340707],[103.961908,1.340708],[103.96193,1.340717],[103.961945,1.340735],[103.961951,1.340762],[103.961951,1.340801],[103.961942,1.340827],[103.961926,1.340844],[103.961902,1.340852],[103.961867,1.340852],[103.961842,1.340845],[103.961822,1.340831],[103.961811,1.34081],[103.961804,1.34078],[103.961802,1.340758],[103.961804,1.34074],[103.961808,1.340728]]]}},{"type":"Feature","properties":{"ref":"2.509","name":"Capstone 9","level":"4","level:ref":"5","indoor":"room"},"geometry":{"type":"Polygon","coordinates":[[[103.961873,1.340987],[103.961984,1.340964],[103.961979,1.340942],[103.961962,1.340864],[103.961851,1.340887],[103.961868,1.340961],[103.961873,1.340987]]]}},{"type":"Feature","properties":{"ref":"2.510","name":"Capstone 10","level":"4","level:ref":"5","indoor":"room"},"geometry":{"type":"Polygon","coordinates":[[[103.961983,1.340962],[103.96188,1.340984],[103.961882,1.340998],[103.961897,1.341078],[103.962,1.341056],[103.961986,1.340977],[103.961983,1.340962]]]}},{"type":"Feature","properties":{"ref":"2.510A","name":"Capstone 12","level":"4","level:ref":"5","indoor":"room"},"geometry":{"type":"Polygon","coordinates":[[[103.96201,1.341101],[103.962007,1.341115],[103.962004,1.341125],[103.962,1.341131],[103.961995,1.341133],[103.961907,1.341145],[103.961903,1.341141],[103.961901,1.341134],[103.961901,1.341124],[103.961903,1.341109],[103.961906,1.3411],[103.961992,1.341081],[103.961997,1.341078],[103.962004,1.341079],[103.962008,1.341083],[103.96201,1.34109],[103.96201,1.341101]]]}},{"type":"Feature","properties":{"ref":"2.511","name":"Tech Office","level":"4","level:ref":"5","indoor":"room"},"geometry":{"type":"Polygon","coordinates":[[[103.962074,1.341113],[103.962062,1.341111],[103.962055,1.341107],[103.962051,1.341101],[103.96205,1.341092],[103.962052,1.341081],[103.962056,1.341073],[103.962063,1.341068],[103.962071,1.341067],[103.962082,1.341069],[103.96209,1.341073],[103.962094,1.341079],[103.962095,1.341088],[103.962093,1.3411],[103.962089,1.341107],[103.962082,1.341112],[103.962074,1.341113]]]}},{"type":"Feature","properties":{"ref":"2.512","name":"Chemistry Biology Learning Lab","level":"4","level:ref":"5","indoor":"room"},"geometry":{"type":"Polygon","coordinates":[[[103.962243,1.341077],[103.962289,1.341085],[103.962319,1.341097],[103.962338,1.341115],[103.962344,1.341139],[103.962339,1.341172],[103.962326,1.341192],[103.962303,1.341204],[103.962271,1.341205],[103.962224,1.341198],[103.962194,1.341186],[103.962175,1.341167],[103.962169,1.341143],[103.962174,1.341111],[103.962188,1.34109],[103.962211,1.341079],[103.962243,1.341077]]]}},{"type":"Feature","properties":{"ref":"2.513","name":"Chemistry Biology Learning Lab","level":"4","level:ref":"5","indoor":"room"},"geometry":{"type":"Polygon","coordinates":[[[103.962354,1.341095],[103.96234,1.341208],[103.962377,1.341214],[103.96239,1.3411],[103.962354,1.341095]]]}},{"type":"Feature","properties":{"ref":"2.513.01","name":"Tissue Culture Room","level":"4","level:ref":"5","indoor":"room"},"geometry":{"type":"Polygon","coordinates":[[[103.962435,1.341223],[103.96245,1.341109],[103.962397,1.341102],[103.962381,1.341216],[103.962435,1.341223]]]}},{"type":"Feature","properties":{"ref":"2.514","name":"Think Tank 26","level":"4","level:ref":"5","indoor":"room"},"geometry":{"type":"Polygon","coordinates":[[[103.962341,1.341054],[103.96234,1.341044],[103.962339,1.34104],[103.962346,1.341031],[103.962364,1.341024],[103.96239,1.341021],[103.96243,1.34102],[103.962456,1.341025],[103.962473,1.341034],[103.962479,1.341047],[103.962474,1.341067],[103.962464,1.341079],[103.962447,1.341086],[103.962423,1.341086],[103.962408,1.341084],[103.962389,1.341081],[103.962366,1.341074],[103.96235,1.341065],[103.962341,1.341054]]]}},{"type":"Feature","properties":{"ref":"2.515","name":"Electronic Design Lab","level":"4","level:ref":"5","indoor":"room"},"geometry":{"type":"Polygon","coordinates":[[[103.96252,1.341236],[103.962487,1.341231],[103.962466,1.34122],[103.962453,1.341204],[103.962449,1.341182],[103.962454,1.34115],[103.962465,1.341131],[103.962482,1.341119],[103.962506,1.341116],[103.962539,1.341121],[103.96256,1.341131],[103.962573,1.341148],[103.962577,1.34117],[103.962572,1.341201],[103.962561,1.341221],[103.962543,1.341233],[103.96252,1.341236]]]}},{"type":"Feature","properties":{"ref":"2.518","name":"Studio 3","level":"4","level:ref":"5","indoor":"room"},"geometry":{"type":"Polygon","coordinates":[[[103.962752,1.341241],[103.96276,1.341204],[103.962776,1.341181],[103.962795,1.341171],[103.962803,1.341167],[103.962839,1.341165],[103.962891,1.341174],[103.962925,1.341188],[103.962948,1.34121],[103.962958,1.341239],[103.962957,1.341278],[103.962943,1.341302],[103.962916,1.341316],[103.962877,1.341317],[103.96282,1.341306],[103.962783,1.341291],[103.962759,1.341269],[103.962752,1.341241]]]}},{"type":"Feature","properties":{"ref":"2.519","name":"Studio 4","level":"4","level:ref":"5","indoor":"room"},"geometry":{"type":"Polygon","coordinates":[[[103.963079,1.341024],[103.963086,1.341098],[103.963082,1.341144],[103.963067,1.341172],[103.963042,1.341179],[103.963002,1.341166],[103.962974,1.341145],[103.962953,1.341113],[103.96294,1.341072],[103.962934,1.341015],[103.962937,1.340976],[103.962953,1.340948],[103.962977,1.340934],[103.963016,1.340931],[103.963044,1.340944],[103.963066,1.340976],[103.963079,1.341024]]]}},{"type":"Feature","properties":{"kind":"lift","name":"Lift Lobby A","level":"5","level:ref":"6"},"geometry":{"type":"Point","coordinates":[103.962878,1.340215]}},{"type":"Feature","properties":{"kind":"lift","name":"Lift Lobby C","level":"5","level:ref":"6"},"geometry":{"type":"Point","coordinates":[103.962307,1.340455]}},{"type":"Feature","properties":{"kind":"lift","name":"Lift Lobby C","level":"5","level:ref":"6"},"geometry":{"type":"Point","coordinates":[103.962305,1.340469]}},{"type":"Feature","properties":{"kind":"lift","name":"Lift Lobby E","level":"5","level:ref":"6"},"geometry":{"type":"Point","coordinates":[103.962839,1.340788]}},{"type":"Feature","properties":{"kind":"lift","name":"Lift Lobby F","level":"5","level:ref":"6"},"geometry":{"type":"Point","coordinates":[103.96231,1.340805]}},{"type":"Feature","properties":{"level":"5","level:ref":"6","indoor":"corridor"},"geometry":{"type":"Polygon","coordinates":[[[103.962896,1.340274],[103.962932,1.340269],[103.962912,1.340144],[103.962876,1.340149],[103.962886,1.340207],[103.962896,1.340274]]]}},{"type":"Feature","properties":{"level":"5","level:ref":"6","indoor":"corridor"},"geometry":{"type":"Polygon","coordinates":[[[103.962847,1.340149],[103.962862,1.340274],[103.962895,1.34027],[103.962886,1.340207],[103.96288,1.340145],[103.962847,1.340149]]]}},{"type":"Feature","properties":{"level":"5","level:ref":"6","indoor":"corridor"},"geometry":{"type":"Polygon","coordinates":[[[103.962285,1.340419],[103.96227,1.34052],[103.962312,1.340527],[103.962323,1.340457],[103.962328,1.340426],[103.962285,1.340419]]]}},{"type":"Feature","properties":{"level":"5","level:ref":"6","indoor":"corridor"},"geometry":{"type":"Polygon","coordinates":[[[103.962822,1.340741],[103.962827,1.340864],[103.962852,1.340863],[103.96285,1.340794],[103.962848,1.34074],[103.962822,1.340741]]]}},{"type":"Feature","properties":{"level":"5","level:ref":"6","indoor":"corridor"},"geometry":{"type":"Polygon","coordinates":[[[103.962304,1.340869],[103.962289,1.340868],[103.962279,1.340861],[103.962272,1.340845],[103.96227,1.340823],[103.96227,1.340791],[103.962273,1.340769],[103.96228,1.340754],[103.96229,1.340747],[103.962305,1.340748],[103.962315,1.340755],[103.962322,1.34077],[103.962325,1.340793],[103.962324,1.340811],[103.962324,1.340825],[103.962321,1.340847],[103.962314,1.340862],[103.962304,1.340869]]]}},{"type":"Feature","properties":{"ref":"1.602","name":"Architecture and Sustainable Design (ASD) office","level":"5","level:ref":"6","indoor":"room"},"geometry":{"type":"Polygon","coordinates":[[[103.962956,1.340014],[103.962966,1.340072],[103.962964,1.340111],[103.96295,1.340139],[103.962925,1.340152],[103.962896,1.340154],[103.962884,1.340154],[103.962855,1.340151],[103.962833,1.340143],[103.962819,1.34013],[103.962813,1.340111],[103.962796,1.340099],[103.962768,1.340094],[103.962729,1.340095],[103.962673,1.340104],[103.962635,1.340107],[103.962609,1.340106],[103.962596,1.3401],[103.96259,1.340096],[103.962584,1.340087],[103.962577,1.340075],[103.96257,1.340068],[103.962562,1.340063],[103.962553,1.340055],[103.962545,1.340042],[103.96254,1.340026],[103.962537,1.340002],[103.962555,1.339984],[103.962599,1.339966],[103.962664,1.339952],[103.962762,1.339937],[103.962831,1.339928],[103.962882,1.339924],[103.962912,1.339924],[103.962925,1.339929],[103.962935,1.339945],[103.962946,1.339974],[103.962956,1.340014]]]}},{"type":"Feature","properties":{"ref":"1.603","name":"Think Tank 27","level":"5","level:ref":"6","indoor":"room"},"geometry":{"type":"Polygon","coordinates":[[[103.962193,1.340028],[103.962205,1.340141],[103.962234,1.340138],[103.962296,1.340132],[103.962321,1.340129],[103.962309,1.340015],[103.962193,1.340028]]]}},{"type":"Feature","properties":{"ref":"1.604","name":"Think Tank 28","level":"5","level:ref":"6","indoor":"room"},"geometry":{"type":"Polygon","coordinates":[[[103.962064,1.340042],[103.962077,1.340156],[103.962107,1.340153],[103.962172,1.340146],[103.962192,1.340144],[103.96218,1.34003],[103.962064,1.340042]]]}},{"type":"Feature","properties":{"ref":"1.605","name":"Cyber5G Testbed","level":"5","level:ref":"6","indoor":"room"},"geometry":{"type":"Polygon","coordinates":[[[103.962,1.340118],[103.961997,1.340085],[103.962004,1.340061],[103.962024,1.340043],[103.962053,1.340033],[103.96206,1.340105],[103.962065,1.340155],[103.962034,1.340152],[103.962012,1.340139],[103.962,1.340118]]]}},{"type":"Feature","properties":{"ref":"1.605A","name":"Incubation Room","level":"5","level:ref":"6","indoor":"room"},"geometry":{"type":"Polygon","coordinates":[[[103.961942,1.340143],[103.961906,1.340126],[103.961884,1.340112],[103.961882,1.340112],[103.961867,1.340097],[103.961862,1.340084],[103.961866,1.340069],[103.961874,1.340059],[103.961889,1.340051],[103.961909,1.340045],[103.961938,1.340042],[103.961958,1.340047],[103.961973,1.340061],[103.961982,1.340084],[103.961986,1.340119],[103.96198,1.340139],[103.961965,1.340147],[103.961961,1.340146],[103.961942,1.340143]]]}},{"type":"Feature","properties":{"ref":"1.606","name":"Capstone 5","level":"5","level:ref":"6","indoor":"room"},"geometry":{"type":"Polygon","coordinates":[[[103.961976,1.340222],[103.961971,1.340239],[103.961963,1.340247],[103.961961,1.340248],[103.961944,1.340251],[103.961922,1.340248],[103.96189,1.340237],[103.961871,1.340224],[103.96186,1.340207],[103.96186,1.340188],[103.961868,1.340162],[103.96188,1.340149],[103.961897,1.340146],[103.961918,1.340154],[103.961945,1.340173],[103.961963,1.340189],[103.961973,1.340206],[103.961976,1.340222]]]}},{"type":"Feature","properties":{"ref":"1.607","name":"Capstone 6","level":"5","level:ref":"6","indoor":"room"},"geometry":{"type":"Polygon","coordinates":[[[103.961951,1.340251],[103.961851,1.340221],[103.961848,1.340231],[103.961828,1.340305],[103.961928,1.340335],[103.961949,1.340259],[103.961951,1.340251]]]}},{"type":"Feature","properties":{"ref":"1.608","name":"Cohort Classroom 7","level":"5","level:ref":"6","indoor":"room"},"geometry":{"type":"Polygon","coordinates":[[[103.961772,1.340446],[103.961931,1.340473],[103.961956,1.340346],[103.961945,1.340345],[103.961836,1.340326],[103.961796,1.34032],[103.961772,1.340446]]]}},{"type":"Feature","properties":{"ref":"1.609","name":"Cohort Classroom 8","level":"5","level:ref":"6","indoor":"room"},"geometry":{"type":"Polygon","coordinates":[[[103.961928,1.340477],[103.96208,1.340505],[103.962083,1.340493],[103.962104,1.340372],[103.962086,1.340369],[103.961965,1.340347],[103.961951,1.340345],[103.961928,1.340477]]]}},{"type":"Feature","properties":{"ref":"1.610","name":"Data Analytics Lab","level":"5","level:ref":"6","indoor":"room"},"geometry":{"type":"Polygon","coordinates":[[[103.962469,1.340312],[103.962349,1.340314],[103.96235,1.340347],[103.96235,1.340397],[103.962471,1.340395],[103.96247,1.340344],[103.962469,1.340312]]]}},{"type":"Feature","properties":{"ref":"1.611","name":"Computer Lab","level":"5","level:ref":"6","indoor":"room"},"geometry":{"type":"Polygon","coordinates":[[[103.962387,1.340224],[103.962424,1.340223],[103.96245,1.340227],[103.962467,1.340237],[103.962475,1.340253],[103.962475,1.340275],[103.962475,1.340276],[103.962468,1.340292],[103.962451,1.340303],[103.962426,1.340309],[103.962389,1.34031],[103.962364,1.340305],[103.962347,1.340295],[103.962339,1.34028],[103.962339,1.340276],[103.962338,1.340256],[103.962346,1.34024],[103.962363,1.340229],[103.962387,1.340224]]]}},{"type":"Feature","properties":{"ref":"1.612","name":"Leet Lab","level":"5","level:ref":"6","indoor":"room"},"geometry":{"type":"Polygon","coordinates":[[[103.962469,1.340224],[103.962469,1.340183],[103.962468,1.340129],[103.962336,1.340129],[103.962336,1.340185],[103.962336,1.340224],[103.962469,1.340224]]]}},{"type":"Feature","properties":{"ref":"1.614","name":"SUTD-SMU Collaboration Office","level":"5","level:ref":"6","indoor":"room"},"geometry":{"type":"Polygon","coordinates":[[[103.962548,1.340493],[103.962529,1.340391],[103.962452,1.340404],[103.962471,1.340506],[103.962529,1.340496],[103.962548,1.340493]]]}},{"type":"Feature","properties":{"ref":"1.615","name":"Systems Design Studio","level":"5","level:ref":"6","indoor":"room"},"geometry":{"type":"Polygon","coordinates":[[[103.962613,1.340488],[103.962583,1.340494],[103.962582,1.340494],[103.962562,1.340495],[103.962547,1.340492],[103.962538,1.340484],[103.962536,1.340471],[103.962543,1.34046],[103.96256,1.34045],[103.962587,1.340441],[103.962628,1.340433],[103.962654,1.340431],[103.962669,1.340434],[103.962672,1.340443],[103.962664,1.340458],[103.962652,1.34047],[103.962635,1.34048],[103.962613,1.340488]]]}},{"type":"Feature","properties":{"ref":"1.616","name":"Architect-in-Residence (AiR)","level":"5","level:ref":"6","indoor":"room"},"geometry":{"type":"Polygon","coordinates":[[[103.962681,1.340487],[103.962721,1.34048],[103.962713,1.340434],[103.962706,1.340434],[103.962671,1.34044],[103.962681,1.340487]]]}},{"type":"Feature","properties":{"ref":"1.617","name":"Studio 2","level":"5","level:ref":"6","indoor":"room"},"geometry":{"type":"Polygon","coordinates":[[[103.962995,1.340318],[103.962957,1.340324],[103.962737,1.34036],[103.962699,1.340366],[103.962721,1.340483],[103.963017,1.340435],[103.962995,1.340318]]]}},{"type":"Feature","properties":{"ref":"2.601","name":"Urban Cluster","level":"5","level:ref":"6","indoor":"room"},"geometry":{"type":"Polygon","coordinates":[[[103.962918,1.340721],[103.96293,1.34087],[103.963051,1.340861],[103.963039,1.340712],[103.962918,1.340721]]]}},{"type":"Feature","properties":{"ref":"2.602","name":"FabLab Satellite 5","level":"5","level:ref":"6","indoor":"room"},"geometry":{"type":"Polygon","coordinates":[[[103.96269,1.340859],[103.96266,1.340862],[103.96264,1.340858],[103.962639,1.340844],[103.962632,1.340815],[103.962624,1.340791],[103.962621,1.340767],[103.962617,1.340753],[103.962619,1.340745],[103.962622,1.340745],[103.96263,1.340752],[103.962645,1.340765],[103.96266,1.34078],[103.962664,1.340785],[103.962692,1.340815],[103.962704,1.340835],[103.962704,1.34085],[103.96269,1.340859]]]}},{"type":"Feature","properties":{"ref":"2.603","name":"Graduate Studies Cluster 2 / Skunkworks Lab","level":"5","level:ref":"6","indoor":"room"},"geometry":{"type":"Polygon","coordinates":[[[103.962616,1.340756],[103.962569,1.340762],[103.96253,1.340767],[103.962463,1.340775],[103.962478,1.340887],[103.962533,1.34088],[103.96257,1.340875],[103.962631,1.340867],[103.962616,1.340756]]]}},{"type":"Feature","properties":{"ref":"2.605","name":"iDia Lab","level":"5","level:ref":"6","indoor":"room"},"geometry":{"type":"Polygon","coordinates":[[[103.96248,1.340913],[103.962483,1.340947],[103.962477,1.34097],[103.962461,1.340986],[103.962436,1.340993],[103.962397,1.340993],[103.96237,1.340986],[103.962352,1.340971],[103.962343,1.34095],[103.962343,1.340918],[103.962344,1.340914],[103.96235,1.340896],[103.962366,1.34088],[103.96239,1.340872],[103.962426,1.34087],[103.962451,1.340876],[103.962469,1.340891],[103.962478,1.34091],[103.96248,1.340913]]]}},{"type":"Feature","properties":{"ref":"2.606","name":"Cohort Class 15","level":"5","level:ref":"6","indoor":"room"},"geometry":{"type":"Polygon","coordinates":[[[103.961974,1.340847],[103.962115,1.340854],[103.962122,1.340721],[103.96198,1.340714],[103.961974,1.340847]]]}},{"type":"Feature","properties":{"ref":"2.607","name":"Cohort Class 16","level":"5","level:ref":"6","indoor":"room"},"geometry":{"type":"Polygon","coordinates":[[[103.961961,1.340718],[103.961814,1.340726],[103.961821,1.340854],[103.961843,1.340853],[103.961941,1.340848],[103.961968,1.340846],[103.961961,1.340718]]]}},{"type":"Feature","properties":{"ref":"2.609","name":"TL/iTrust Lab 11","level":"5","level:ref":"6","indoor":"room"},"geometry":{"type":"Polygon","coordinates":[[[103.961975,1.340963],[103.96197,1.340932],[103.961956,1.340858],[103.961909,1.340867],[103.961928,1.340971],[103.961975,1.340963]]]}},{"type":"Feature","properties":{"ref":"2.610","name":"Cognition Lab","level":"5","level:ref":"6","indoor":"room"},"geometry":{"type":"Polygon","coordinates":[[[103.961979,1.341061],[103.961959,1.341065],[103.961944,1.341062],[103.961932,1.341052],[103.961924,1.341036],[103.961919,1.341012],[103.961921,1.340994],[103.961928,1.340981],[103.961943,1.340973],[103.961965,1.340969],[103.961981,1.340971],[103.961993,1.340981],[103.961999,1.340997],[103.961999,1.340999],[103.962002,1.341022],[103.961999,1.34104],[103.961991,1.341053],[103.961979,1.341061]]]}},{"type":"Feature","properties":{"ref":"2.611","name":"Nash Living Lab","level":"5","level:ref":"6","indoor":"room"},"geometry":{"type":"Polygon","coordinates":[[[103.961926,1.34106],[103.96191,1.340981],[103.961874,1.340987],[103.96188,1.341017],[103.96189,1.341066],[103.961926,1.34106]]]}},{"type":"Feature","properties":{"ref":"2.612","name":"TL/iTrust Lab 12","level":"5","level:ref":"6","indoor":"room"},"geometry":{"type":"Polygon","coordinates":[[[103.961904,1.340875],[103.961913,1.340898],[103.961921,1.340934],[103.961922,1.340958],[103.961917,1.340977],[103.961907,1.340987],[103.961888,1.340991],[103.961874,1.340985],[103.961863,1.340969],[103.961861,1.340961],[103.961855,1.340944],[103.96185,1.340905],[103.96185,1.340879],[103.961904,1.340875]]]}},{"type":"Feature","properties":{"ref":"2.612A","level":"5","level:ref":"6","indoor":"room"},"geometry":{"type":"Polygon","coordinates":[[[103.961908,1.341131],[103.9619,1.341114],[103.961903,1.341101],[103.961916,1.341091],[103.96194,1.341082],[103.961977,1.341075],[103.962001,1.341076],[103.962017,1.341085],[103.962023,1.341101],[103.96202,1.341127],[103.962013,1.341144],[103.961999,1.341155],[103.961981,1.341159],[103.961954,1.341156],[103.961935,1.341151],[103.961919,1.341142],[103.961908,1.341131]]]}},{"type":"Feature","properties":{"ref":"2.613","name":"Tech Office","level":"5","level:ref":"6","indoor":"room"},"geometry":{"type":"Polygon","coordinates":[[[103.962136,1.341098],[103.962142,1.341058],[103.962132,1.341057],[103.962105,1.341053],[103.962099,1.341093],[103.962136,1.341098]]]}},{"type":"Feature","properties":{"ref":"2.614","name":"Characterization Lab","level":"5","level:ref":"6","indoor":"room"},"geometry":{"type":"Polygon","coordinates":[[[103.96217,1.34118],[103.962189,1.341067],[103.962146,1.34106],[103.962126,1.341172],[103.96217,1.34118]]]}},{"type":"Feature","properties":{"ref":"2.615","name":"Characterization Lab","level":"5","level:ref":"6","indoor":"room"},"geometry":{"type":"Polygon","coordinates":[[[103.962339,1.341133],[103.962335,1.341167],[103.962322,1.341189],[103.962299,1.341201],[103.962265,1.341204],[103.962217,1.341197],[103.962185,1.341185],[103.962178,1.341169],[103.962176,1.341145],[103.962181,1.34111],[103.962187,1.341086],[103.962198,1.341074],[103.9622,1.341073],[103.962233,1.34107],[103.96228,1.341077],[103.962304,1.341087],[103.962311,1.34109],[103.962331,1.341109],[103.962339,1.341133]]]}},{"type":"Feature","properties":{"ref":"2.616","name":"IDiA Lab Annex","level":"5","level:ref":"6","indoor":"room"},"geometry":{"type":"Polygon","coordinates":[[[103.96234,1.341044],[103.962338,1.34103],[103.962338,1.341022],[103.962345,1.341008],[103.962363,1.340998],[103.962391,1.340993],[103.962432,1.340993],[103.962459,1.340999],[103.962477,1.341012],[103.962483,1.34103],[103.962482,1.341035],[103.962478,1.341057],[103.962468,1.341074],[103.96245,1.341084],[103.962425,1.341086],[103.96239,1.34108],[103.962366,1.341072],[103.962349,1.341059],[103.96234,1.341044]]]}},{"type":"Feature","properties":{"ref":"2.617","name":"Measurement Technologies Lab","level":"5","level:ref":"6","indoor":"room"},"geometry":{"type":"Polygon","coordinates":[[[103.962537,1.341239],[103.962549,1.341126],[103.962503,1.341121],[103.962487,1.341119],[103.962475,1.341232],[103.962537,1.341239]]]}},{"type":"Feature","properties":{"ref":"2.617A","name":"Think Tank 29","level":"5","level:ref":"6","indoor":"room"},"geometry":{"type":"Polygon","coordinates":[[[103.96248,1.341155],[103.962477,1.34119],[103.962466,1.341212],[103.962445,1.341224],[103.962417,1.341227],[103.962375,1.341221],[103.962348,1.341209],[103.962331,1.34119],[103.962325,1.341165],[103.962329,1.341131],[103.96234,1.341109],[103.962361,1.341096],[103.962389,1.341093],[103.96243,1.3411],[103.962457,1.341112],[103.962474,1.341131],[103.96248,1.341155]]]}},{"type":"Feature","properties":{"ref":"2.619","name":"Studio 5","level":"5","level:ref":"6","indoor":"room"},"geometry":{"type":"Polygon","coordinates":[[[103.962991,1.34124],[103.962986,1.341278],[103.96297,1.341301],[103.96294,1.341313],[103.962899,1.341314],[103.962839,1.341304],[103.9628,1.34129],[103.962776,1.341268],[103.962768,1.341242],[103.962776,1.341205],[103.962793,1.341182],[103.962823,1.34117],[103.962863,1.341168],[103.96292,1.341177],[103.962958,1.341191],[103.962982,1.341213],[103.962991,1.34124]]]}},{"type":"Feature","properties":{"ref":"2.620","name":"Studio 6","level":"5","level:ref":"6","indoor":"room"},"geometry":{"type":"Polygon","coordinates":[[[103.962931,1.340979],[103.962934,1.341006],[103.962943,1.341115],[103.962946,1.341158],[103.963082,1.341149],[103.963067,1.340969],[103.962931,1.340979]]]}},{"type":"Feature","properties":{"kind":"lift","name":"Lift Lobby A","level":"6","level:ref":"7"},"geometry":{"type":"Point","coordinates":[103.962883,1.340208]}},{"type":"Feature","properties":{"kind":"lift","name":"Lift Lobby C","level":"6","level:ref":"7"},"geometry":{"type":"Point","coordinates":[103.962308,1.340453]}},{"type":"Feature","properties":{"kind":"lift","name":"Lift Lobby C","level":"6","level:ref":"7"},"geometry":{"type":"Point","coordinates":[103.962306,1.340462]}},{"type":"Feature","properties":{"kind":"lift","name":"Lift Lobby E","level":"6","level:ref":"7"},"geometry":{"type":"Point","coordinates":[103.962834,1.340792]}},{"type":"Feature","properties":{"kind":"lift","name":"Lift Lobby F","level":"6","level:ref":"7"},"geometry":{"type":"Point","coordinates":[103.962305,1.340808]}},{"type":"Feature","properties":{"level":"6","level:ref":"7","indoor":"corridor"},"geometry":{"type":"Polygon","coordinates":[[[103.962852,1.340145],[103.962867,1.340281],[103.962901,1.340276],[103.962893,1.340208],[103.962885,1.340141],[103.962852,1.340145]]]}},{"type":"Feature","properties":{"level":"6","level:ref":"7","indoor":"corridor"},"geometry":{"type":"Polygon","coordinates":[[[103.962315,1.340451],[103.962316,1.340458],[103.962317,1.340488],[103.962315,1.340512],[103.962308,1.340527],[103.962298,1.340533],[103.962283,1.34053],[103.962274,1.340521],[103.96227,1.340504],[103.962272,1.34048],[103.96228,1.340445],[103.962286,1.340422],[103.962293,1.340406],[103.962299,1.340399],[103.962305,1.340401],[103.962309,1.340409],[103.962313,1.340427],[103.962315,1.340451]]]}},{"type":"Feature","properties":{"level":"6","level:ref":"7","indoor":"corridor"},"geometry":{"type":"Polygon","coordinates":[[[103.96284,1.340859],[103.962832,1.340859],[103.962827,1.340852],[103.962823,1.340837],[103.962821,1.340814],[103.96282,1.34078],[103.962821,1.340757],[103.962824,1.340742],[103.962829,1.340734],[103.962836,1.340734],[103.962841,1.340741],[103.962845,1.340757],[103.962848,1.340779],[103.962848,1.340789],[103.962849,1.340813],[103.962848,1.340836],[103.962845,1.340852],[103.96284,1.340859]]]}},{"type":"Feature","properties":{"level":"6","level:ref":"7","indoor":"corridor"},"geometry":{"type":"Polygon","coordinates":[[[103.962305,1.340878],[103.962291,1.340877],[103.962282,1.340869],[103.962276,1.340853],[103.962273,1.340829],[103.962273,1.340794],[103.962276,1.340771],[103.962282,1.340755],[103.962292,1.340748],[103.962305,1.340748],[103.962315,1.340756],[103.962321,1.340772],[103.962324,1.340796],[103.962324,1.340802],[103.962321,1.340855],[103.962314,1.340871],[103.962305,1.340878]]]}},{"type":"Feature","properties":{"name":"iTrust Centre for Research in Cyber Security","level":"6","level:ref":"7","indoor":"room"},"geometry":{"type":"Polygon","coordinates":[[[103.963021,1.340992],[103.962981,1.340995],[103.962954,1.34099],[103.962934,1.340976],[103.962924,1.340953],[103.962921,1.340919],[103.962928,1.340895],[103.962945,1.340878],[103.962971,1.340869],[103.96301,1.340867],[103.963038,1.340873],[103.963057,1.340888],[103.963068,1.34091],[103.963071,1.340943],[103.963064,1.340966],[103.963047,1.340983],[103.963021,1.340992]]]}},{"type":"Feature","properties":{"ref":"1.702","name":"Engineering Systems and Design (ESD) office","level":"6","level:ref":"7","indoor":"room"},"geometry":{"type":"Polygon","coordinates":[[[103.962967,1.340018],[103.962976,1.340072],[103.962972,1.340108],[103.962956,1.340134],[103.962929,1.340147],[103.962896,1.340148],[103.962885,1.340148],[103.962855,1.340146],[103.962831,1.340137],[103.962817,1.340125],[103.96281,1.340105],[103.962793,1.340094],[103.962763,1.340088],[103.962721,1.34009],[103.962662,1.340098],[103.962622,1.340102],[103.962594,1.3401],[103.96258,1.340095],[103.962575,1.340086],[103.962572,1.34008],[103.962569,1.340079],[103.962562,1.340073],[103.962551,1.340067],[103.962545,1.340058],[103.962535,1.34005],[103.962527,1.340037],[103.962521,1.34002],[103.962518,1.339997],[103.962537,1.339978],[103.962584,1.339961],[103.962653,1.339946],[103.962757,1.339931],[103.96283,1.339923],[103.962885,1.339921],[103.962918,1.339924],[103.962934,1.339933],[103.962946,1.339951],[103.962958,1.33998],[103.962967,1.340018]]]}},{"type":"Feature","properties":{"ref":"1.703","name":"Robotics Innovation Laboratory","level":"6","level:ref":"7","indoor":"room"},"geometry":{"type":"Polygon","coordinates":[[[103.962312,1.340055],[103.962318,1.340087],[103.962315,1.34011],[103.962301,1.340127],[103.962279,1.340138],[103.962258,1.340141],[103.962243,1.340143],[103.962218,1.34014],[103.962199,1.340126],[103.962188,1.340104],[103.962183,1.340069],[103.962188,1.340045],[103.962201,1.340027],[103.962223,1.340018],[103.962257,1.340016],[103.962282,1.340021],[103.9623,1.340034],[103.962312,1.340055]]]}},{"type":"Feature","properties":{"ref":"1.704","name":"Robotics Innovation Laboratory","level":"6","level:ref":"7","indoor":"room"},"geometry":{"type":"Polygon","coordinates":[[[103.962014,1.340128],[103.962011,1.340093],[103.962018,1.340069],[103.962037,1.340049],[103.962067,1.340038],[103.962112,1.340031],[103.962144,1.340034],[103.962166,1.340047],[103.962179,1.34007],[103.962183,1.340105],[103.962176,1.340129],[103.962157,1.340148],[103.962154,1.34015],[103.962127,1.34016],[103.962103,1.340164],[103.962081,1.340167],[103.962049,1.340164],[103.962042,1.340159],[103.962027,1.340151],[103.962014,1.340128]]]}},{"type":"Feature","properties":{"ref":"1.705","name":"Incubation Room","level":"6","level:ref":"7","indoor":"room"},"geometry":{"type":"Polygon","coordinates":[[[103.96201,1.340153],[103.961999,1.340054],[103.961907,1.340064],[103.961913,1.340117],[103.961919,1.340163],[103.961994,1.340155],[103.96201,1.340153]]]}},{"type":"Feature","properties":{"ref":"1.706","name":"Digital Manufacturing and Design (DManD) Centre","level":"6","level:ref":"7","indoor":"room"},"geometry":{"type":"Polygon","coordinates":[[[103.961888,1.340327],[103.96186,1.340321],[103.961843,1.340306],[103.961836,1.340281],[103.961839,1.340248],[103.961844,1.34023],[103.96185,1.340207],[103.961852,1.340199],[103.961868,1.34017],[103.961888,1.340154],[103.961911,1.340153],[103.96194,1.340166],[103.961957,1.340184],[103.961964,1.340209],[103.961961,1.340239],[103.96196,1.340241],[103.961947,1.340279],[103.961946,1.34028],[103.96193,1.340306],[103.961911,1.340322],[103.961888,1.340327]]]}},{"type":"Feature","properties":{"ref":"1.707","name":"Digital Manufacturing and Design (DManD) Research Studio","level":"6","level:ref":"7","indoor":"room"},"geometry":{"type":"Polygon","coordinates":[[[103.962053,1.340513],[103.961941,1.340491],[103.961863,1.340473],[103.961808,1.340457],[103.96178,1.340444],[103.961773,1.340432],[103.96177,1.340418],[103.961771,1.3404],[103.961775,1.340378],[103.961783,1.340351],[103.961807,1.340335],[103.96185,1.34033],[103.96191,1.340335],[103.961997,1.340352],[103.96206,1.340373],[103.962111,1.340402],[103.962147,1.340436],[103.96215,1.340441],[103.962172,1.340482],[103.962164,1.340508],[103.962124,1.340518],[103.962053,1.340513]]]}},{"type":"Feature","properties":{"ref":"1.708","name":"Digital Manufacturing and Design","level":"6","level:ref":"7","indoor":"room"},"geometry":{"type":"Polygon","coordinates":[[[103.962337,1.340136],[103.962337,1.340185],[103.962338,1.340247],[103.962472,1.340246],[103.962463,1.340133],[103.962337,1.340136]]]}},{"type":"Feature","properties":{"ref":"1.709","name":"Graduate Studies Cluster 2","level":"6","level:ref":"7","indoor":"room"},"geometry":{"type":"Polygon","coordinates":[[[103.962343,1.340249],[103.962345,1.340278],[103.962355,1.340396],[103.962418,1.340387],[103.962407,1.340306],[103.962401,1.340251],[103.962343,1.340249]]]}},{"type":"Feature","properties":{"ref":"1.710","name":"Graduate Studies Cluster 3","level":"6","level:ref":"7","indoor":"room"},"geometry":{"type":"Polygon","coordinates":[[[103.96248,1.340306],[103.96248,1.34031],[103.96248,1.340335],[103.962476,1.340354],[103.962467,1.340368],[103.962455,1.340374],[103.962436,1.340375],[103.962424,1.340368],[103.962415,1.340353],[103.962412,1.340331],[103.962412,1.340299],[103.962416,1.340277],[103.962423,1.340262],[103.962433,1.340254],[103.962447,1.340254],[103.962458,1.340254],[103.962466,1.340256],[103.962472,1.340258],[103.962475,1.340261],[103.962478,1.34027],[103.962479,1.340285],[103.96248,1.340306]]]}},{"type":"Feature","properties":{"ref":"1.712","name":"ARMS SIX","level":"6","level:ref":"7","indoor":"room"},"geometry":{"type":"Polygon","coordinates":[[[103.962441,1.340493],[103.962441,1.340482],[103.96245,1.340473],[103.962469,1.340465],[103.962497,1.340458],[103.962538,1.34045],[103.962566,1.340448],[103.962586,1.340452],[103.962597,1.340459],[103.962599,1.340473],[103.962592,1.340483],[103.962581,1.340488],[103.962573,1.340491],[103.962544,1.340497],[103.9625,1.340501],[103.962471,1.340502],[103.962451,1.340499],[103.962441,1.340493]]]}},{"type":"Feature","properties":{"ref":"1.713","name":"Power System and Electronics Lab","level":"6","level:ref":"7","indoor":"room"},"geometry":{"type":"Polygon","coordinates":[[[103.962675,1.340432],[103.96259,1.340449],[103.962598,1.34049],[103.96261,1.340487],[103.962683,1.340473],[103.962675,1.340432]]]}},{"type":"Feature","properties":{"ref":"1.714","name":"Graduate Studies Cluster 4","level":"6","level:ref":"7","indoor":"room"},"geometry":{"type":"Polygon","coordinates":[[[103.962805,1.340371],[103.962809,1.340421],[103.962817,1.34045],[103.9628,1.340472],[103.96277,1.340486],[103.962724,1.340495],[103.962698,1.340492],[103.962686,1.340476],[103.96269,1.340448],[103.962694,1.340439],[103.962711,1.340404],[103.962729,1.340374],[103.962746,1.340352],[103.962763,1.340341],[103.962777,1.340338],[103.96278,1.340337],[103.962794,1.340343],[103.962801,1.340359],[103.962805,1.340371]]]}},{"type":"Feature","properties":{"ref":"1.715","name":"ESD Research Lab 1","level":"6","level:ref":"7","indoor":"room"},"geometry":{"type":"Polygon","coordinates":[[[103.962903,1.340467],[103.962869,1.340473],[103.962844,1.340469],[103.962825,1.340455],[103.962813,1.34043],[103.962807,1.340391],[103.962814,1.340363],[103.962838,1.340341],[103.962875,1.340326],[103.962932,1.340316],[103.96297,1.340316],[103.962996,1.340324],[103.963009,1.340341],[103.963009,1.340369],[103.963005,1.340391],[103.962998,1.34041],[103.962987,1.340426],[103.962971,1.34044],[103.962953,1.34045],[103.96293,1.34046],[103.962903,1.340467]]]}},{"type":"Feature","properties":{"ref":"2.701","name":"Temasek Laboratories","level":"6","level:ref":"7","indoor":"room"},"geometry":{"type":"Polygon","coordinates":[[[103.962909,1.340721],[103.962916,1.340821],[103.96292,1.340871],[103.963045,1.340863],[103.963034,1.340713],[103.962909,1.340721]]]}},{"type":"Feature","properties":{"ref":"2.702","name":"TL/iTrust Lab 2","level":"6","level:ref":"7","indoor":"room"},"geometry":{"type":"Polygon","coordinates":[[[103.962661,1.340861],[103.962611,1.340865],[103.962577,1.340861],[103.962553,1.340847],[103.962542,1.340825],[103.962541,1.340791],[103.962546,1.340767],[103.962557,1.340751],[103.962574,1.340744],[103.962598,1.340743],[103.962606,1.340745],[103.96262,1.340749],[103.962644,1.340763],[103.962667,1.340783],[103.962694,1.340814],[103.962701,1.340836],[103.96269,1.340852],[103.962682,1.340854],[103.962661,1.340861]]]}},{"type":"Feature","properties":{"ref":"2.703","name":"TL/iTrust Lab 2","level":"6","level:ref":"7","indoor":"room"},"geometry":{"type":"Polygon","coordinates":[[[103.962481,1.34075],[103.962507,1.340746],[103.962524,1.340751],[103.962536,1.340765],[103.962542,1.340788],[103.962542,1.340824],[103.962536,1.340847],[103.962525,1.340863],[103.962508,1.340868],[103.962482,1.340865],[103.962476,1.340862],[103.962465,1.340857],[103.962453,1.340843],[103.962448,1.340823],[103.962447,1.340795],[103.962453,1.340775],[103.962464,1.34076],[103.962479,1.340752],[103.962481,1.34075]]]}},{"type":"Feature","properties":{"ref":"2.704","name":"TL/iTrust Lab 3","level":"6","level:ref":"7","indoor":"room"},"geometry":{"type":"Polygon","coordinates":[[[103.962487,1.340934],[103.962487,1.34096],[103.962487,1.340962],[103.962483,1.340977],[103.962473,1.340989],[103.962458,1.340995],[103.962437,1.340995],[103.962422,1.340988],[103.962412,1.340974],[103.962408,1.340953],[103.962408,1.340922],[103.962412,1.340902],[103.962422,1.34089],[103.962437,1.340887],[103.962458,1.340892],[103.962473,1.340901],[103.962483,1.340916],[103.962487,1.340934]]]}},{"type":"Feature","properties":{"ref":"2.705","name":"TL/iTrust Lab 4","level":"6","level:ref":"7","indoor":"room"},"geometry":{"type":"Polygon","coordinates":[[[103.962365,1.340894],[103.962385,1.340892],[103.962399,1.340897],[103.962408,1.340909],[103.962412,1.340928],[103.962412,1.340957],[103.962408,1.340976],[103.962399,1.340989],[103.962386,1.340995],[103.962367,1.340995],[103.962354,1.340989],[103.962344,1.340977],[103.962341,1.340962],[103.96234,1.340959],[103.962339,1.340933],[103.962343,1.340915],[103.962352,1.340901],[103.962365,1.340894]]]}},{"type":"Feature","properties":{"ref":"2.706","name":"Materials Characterization Lab","level":"6","level:ref":"7","indoor":"room"},"geometry":{"type":"Polygon","coordinates":[[[103.962094,1.340783],[103.962084,1.340782],[103.962077,1.340779],[103.962072,1.34077],[103.96207,1.340758],[103.96207,1.340739],[103.962078,1.340727],[103.962094,1.340719],[103.962118,1.340716],[103.962154,1.340717],[103.962172,1.340724],[103.962177,1.340737],[103.962167,1.340756],[103.962158,1.340765],[103.962141,1.340783],[103.962124,1.340799],[103.962105,1.34079],[103.9621,1.340785],[103.962094,1.340783]]]}},{"type":"Feature","properties":{"ref":"2.707","name":"Furnace Lab","level":"6","level:ref":"7","indoor":"room"},"geometry":{"type":"Polygon","coordinates":[[[103.962073,1.340791],[103.962074,1.340854],[103.962102,1.340854],[103.962102,1.340791],[103.962073,1.340791]]]}},{"type":"Feature","properties":{"ref":"2.708","name":"Composite Fabrication Lab","level":"6","level:ref":"7","indoor":"room"},"geometry":{"type":"Polygon","coordinates":[[[103.962013,1.340759],[103.961871,1.340758],[103.961871,1.34083],[103.961963,1.34083],[103.962013,1.340831],[103.962013,1.340759]]]}},{"type":"Feature","properties":{"ref":"2.709","name":"Integrated Materials and Devices Lab","level":"6","level:ref":"7","indoor":"room"},"geometry":{"type":"Polygon","coordinates":[[[103.961871,1.340849],[103.961871,1.340832],[103.961871,1.34083],[103.961871,1.340753],[103.961806,1.340752],[103.961804,1.340848],[103.961871,1.340849]]]}},{"type":"Feature","properties":{"ref":"2.710","name":"Academic Media Studio","level":"6","level:ref":"7","indoor":"room"},"geometry":{"type":"Polygon","coordinates":[[[103.961894,1.34085],[103.961926,1.340852],[103.961948,1.340866],[103.961966,1.340893],[103.961977,1.340931],[103.961984,1.340987],[103.961982,1.341026],[103.961972,1.341053],[103.961953,1.341067],[103.961924,1.34107],[103.961902,1.341059],[103.961884,1.341032],[103.961872,1.340991],[103.961872,1.340988],[103.961863,1.34093],[103.961864,1.340889],[103.961875,1.340861],[103.961894,1.34085]]]}},{"type":"Feature","properties":{"ref":"2.710A","name":"Area 65","level":"6","level:ref":"7","indoor":"room"},"geometry":{"type":"Polygon","coordinates":[[[103.961911,1.341128],[103.961903,1.341111],[103.961906,1.341098],[103.961919,1.341087],[103.961943,1.341079],[103.96198,1.341072],[103.962004,1.341073],[103.96202,1.341082],[103.962026,1.341098],[103.962023,1.341125],[103.962015,1.341142],[103.962001,1.341153],[103.961983,1.341157],[103.961957,1.341154],[103.961938,1.341149],[103.961922,1.34114],[103.961911,1.341128]]]}},{"type":"Feature","properties":{"ref":"2.711","name":"Tech Office","level":"6","level:ref":"7","indoor":"room"},"geometry":{"type":"Polygon","coordinates":[[[103.962137,1.341106],[103.962143,1.341063],[103.962131,1.341061],[103.962106,1.341057],[103.9621,1.3411],[103.962137,1.341106]]]}},{"type":"Feature","properties":{"ref":"2.712","name":"Beats Lab","level":"6","level:ref":"7","indoor":"room"},"geometry":{"type":"Polygon","coordinates":[[[103.962174,1.341179],[103.962341,1.341203],[103.962359,1.341091],[103.962315,1.341084],[103.962214,1.34107],[103.962192,1.341067],[103.962174,1.341179]]]}},{"type":"Feature","properties":{"ref":"2.714","name":"TL/iTrust Lab 5","level":"6","level:ref":"7","indoor":"room"},"geometry":{"type":"Polygon","coordinates":[[[103.962473,1.340992],[103.962342,1.340994],[103.962343,1.341023],[103.962344,1.341087],[103.962475,1.341084],[103.962474,1.341027],[103.962473,1.340992]]]}},{"type":"Feature","properties":{"ref":"2.715","name":"TL/iTrust Lab 10","level":"6","level:ref":"7","indoor":"room"},"geometry":{"type":"Polygon","coordinates":[[[103.962547,1.341124],[103.962451,1.341109],[103.962412,1.341103],[103.962395,1.341215],[103.962529,1.341235],[103.962547,1.341124]]]}},{"type":"Feature","properties":{"ref":"2.716","name":"Graduate Studies Cluster 6","level":"6","level:ref":"7","indoor":"room"},"geometry":{"type":"Polygon","coordinates":[[[103.963009,1.34132],[103.963026,1.341229],[103.962968,1.341218],[103.962963,1.341217],[103.962959,1.34124],[103.962949,1.341254],[103.962931,1.341262],[103.962906,1.341263],[103.96287,1.341258],[103.962847,1.341249],[103.962832,1.341237],[103.962827,1.341221],[103.96283,1.341199],[103.962835,1.341193],[103.962822,1.341191],[103.962805,1.341281],[103.963009,1.34132]]]}},{"type":"Feature","properties":{"ref":"2.717","name":"TL/iTrust Lab 6","level":"6","level:ref":"7","indoor":"room"},"geometry":{"type":"Polygon","coordinates":[[[103.962818,1.341193],[103.962814,1.341215],[103.962807,1.341229],[103.962797,1.341238],[103.962784,1.341241],[103.962766,1.341238],[103.962755,1.341231],[103.962749,1.341219],[103.962749,1.341203],[103.962754,1.341181],[103.96276,1.341167],[103.962771,1.341158],[103.962772,1.341158],[103.962783,1.341156],[103.962801,1.341159],[103.962811,1.341166],[103.962817,1.341177],[103.962818,1.341193]]]}},{"type":"Feature","properties":{"ref":"2.718","name":"TL/iTrust Lab 7","level":"6","level:ref":"7","indoor":"room"},"geometry":{"type":"Polygon","coordinates":[[[103.962906,1.341263],[103.96287,1.341258],[103.962847,1.341249],[103.962832,1.341237],[103.962827,1.341221],[103.96283,1.341199],[103.96284,1.341185],[103.962859,1.341177],[103.962884,1.341176],[103.962919,1.341181],[103.962943,1.341189],[103.962958,1.341201],[103.962963,1.341217],[103.962959,1.34124],[103.962949,1.341254],[103.962931,1.341262],[103.962906,1.341263]]]}},{"type":"Feature","properties":{"ref":"2.719","name":"TL/iTrust Lab 8","level":"6","level:ref":"7","indoor":"room"},"geometry":{"type":"Polygon","coordinates":[[[103.963067,1.341052],[103.962937,1.341062],[103.962945,1.341181],[103.963075,1.341171],[103.963067,1.341052]]]}},{"type":"Feature","properties":{"ref":"2.720","name":"TL/iTrust Lab 9","level":"6","level:ref":"7","indoor":"room"},"geometry":{"type":"Polygon","coordinates":[[[103.963026,1.341055],[103.962987,1.341059],[103.96296,1.341057],[103.962941,1.341049],[103.962931,1.341036],[103.96293,1.341022],[103.962929,1.341016],[103.962936,1.341001],[103.962953,1.34099],[103.962979,1.340983],[103.963018,1.340979],[103.963045,1.340982],[103.963064,1.340989],[103.963074,1.341002],[103.963076,1.341023],[103.963069,1.341037],[103.963052,1.341048],[103.963026,1.341055]]]}}]}
